"pathway","p_val","avg_log2FC","pct.1","pct.2","p_val_adj","cell_type"
"GOMF-3-BETA-HYDROXY-DELTA5-STEROID-DEHYDROGENASE-ACTIVITY",1.38124686803433e-24,-2.35070246952937,1,1,8.74329267465728e-22,"TREM2_LAM"
"MATZUK-STEROIDOGENESIS",4.75799232890831e-69,-2.31144882417717,1,1,3.01180914419896e-66,"TREM2_LAM"
"GOMF-HEPARAN-SULFATE-GLUCOSAMINE-3-SULFOTRANSFERASE-1-ACTIVITY",3.96808429105843e-25,1.96379769346943,1,1,2.51179735623998e-22,"TREM2_LAM"
"GOCC-SPHERICAL-HIGH-DENSITY-LIPOPROTEIN-PARTICLE",1.14040775100577e-19,-1.86225953804178,1,1,7.2187810638665e-17,"TREM2_LAM"
"GOBP-NEGATIVE-REGULATION-OF-TRIGLYCERIDE-CATABOLIC-PROCESS",5.57142761214332e-25,-1.84698504457496,1,1,3.52671367848672e-22,"TREM2_LAM"
"GOBP-POSITIVE-REGULATION-OF-LOW-DENSITY-LIPOPROTEIN-RECEPTOR-ACTIVITY",2.87182403831823e-34,1.6795668633689,1,1,1.81786461625544e-31,"TREM2_LAM"
"GOBP-LIPID-METABOLIC-PROCESS",6.75401141676299e-06,1.61380703243328,1,1,0.00427528922681097,"TREM2_LAM"
"GOBP-CELLULAR-LIPID-METABOLIC-PROCESS",3.55446343178102e-07,1.58763052768912,1,1,0.000224997535231739,"TREM2_LAM"
"GOBP-REGULATION-OF-MESODERMAL-CELL-FATE-SPECIFICATION",1.51242660833265e-13,-1.57561124015874,1,1,9.5736604307457e-11,"TREM2_LAM"
"GOBP-NEGATIVE-REGULATION-OF-FATTY-ACID-BETA-OXIDATION",1.33353544414899e-27,1.53877005853908,1,1,8.44127936146314e-25,"TREM2_LAM"
"REACTOME-METABOLISM-OF-LIPIDS",1.83696245827333e-15,1.51139430496958,1,1,1.16279723608702e-12,"TREM2_LAM"
"GOBP-LIPID-BIOSYNTHETIC-PROCESS",9.78998909059181e-07,1.49796734455382,1,1,0.000619706309434461,"TREM2_LAM"
"GOMF-LIPID-BINDING",8.92060311667638e-10,1.46087251868362,1,1,5.64674177285615e-07,"TREM2_LAM"
"GOBP-POSITIVE-REGULATION-OF-TRIGLYCERIDE-LIPASE-ACTIVITY",3.14963371973347e-06,1.44714646316887,1,1,0.00199371814459129,"TREM2_LAM"
"WP-CHOLESTEROL-BIOSYNTHESIS-WITH-SKELETAL-DYSPLASIAS",2.56620678610372e-33,-1.44249275571026,1,1,1.62440889560366e-30,"TREM2_LAM"
"GOMF-STEROID-HYDROXYLASE-ACTIVITY",2.2895158394969e-137,-1.43612940895927,1,1,1.44926352640154e-134,"TREM2_LAM"
"GOMF-TRIGLYCERIDE-BINDING",2.4415401790117e-05,1.41818226830874,1,1,0.015454949333144,"TREM2_LAM"
"GOBP-FATTY-ACID-METABOLIC-PROCESS",7.02821456691345e-09,1.35419528470225,1,1,4.44885982085621e-06,"TREM2_LAM"
"GOBP-PHOSPHOLIPID-METABOLIC-PROCESS",1.92043740190633e-07,1.35416209483114,1,1,0.00012156368754067,"TREM2_LAM"
"GOBP-GLYCEROLIPID-METABOLIC-PROCESS",1.20646675753107e-05,1.34617940956957,1,1,0.00763693457517165,"TREM2_LAM"
"GOBP-LIPID-LOCALIZATION",2.8258151294753e-05,1.33825434869339,1,1,0.0178874097695786,"TREM2_LAM"
"GOBP-PROTEIN-TRANSPORT-WITHIN-LIPID-BILAYER",5.47765310321211e-32,1.31680381589748,1,1,3.46735441433327e-29,"TREM2_LAM"
"GOMF-PHOSPHOLIPID-BINDING",1.84525581258556e-08,1.28122922741772,1,1,1.16804692936666e-05,"TREM2_LAM"
"GOBP-STEROID-METABOLIC-PROCESS",4.02168461787198e-06,1.27289241032555,1,1,0.00254572636311296,"TREM2_LAM"
"GOBP-GLYCEROPHOSPHOLIPID-METABOLIC-PROCESS",3.77886235843569e-07,1.270035592606,1,1,0.000239201987288979,"TREM2_LAM"
"GOMF-FATTY-ACID-TRANSMEMBRANE-TRANSPORTER-ACTIVITY",2.88504713327761e-16,1.25660709939824,1,1,1.82623483536472e-13,"TREM2_LAM"
"GOBP-RESPONSE-TO-STEROID-HORMONE",5.3380767354198e-11,1.25499279697272,1,1,3.37900257352073e-08,"TREM2_LAM"
"HP-FATIGUE",2.05388618809509e-05,1.25324766583415,1,1,0.0130010995706419,"TREM2_LAM"
"GOBP-CHOLESTEROL-CATABOLIC-PROCESS",3.6303347159675e-75,-1.24322052406174,1,1,2.29800187520743e-72,"TREM2_LAM"
"GOBP-REGULATION-OF-LIPID-METABOLIC-PROCESS",9.4489617151372e-06,1.2246824724992,1,1,0.00598119276568185,"TREM2_LAM"
"GOBP-PHOSPHOLIPID-BIOSYNTHETIC-PROCESS",5.34161838427822e-11,1.21910224454022,1,1,3.38124443724812e-08,"TREM2_LAM"
"HP-ABNORMAL-CIRCULATING-LIPID-CONCENTRATION",4.09933990500433e-11,1.18616559130295,1,1,2.59488215986774e-08,"TREM2_LAM"
"GOBP-GLYCEROLIPID-BIOSYNTHETIC-PROCESS",2.81505833404108e-06,1.18458519452116,1,1,0.001781931925448,"TREM2_LAM"
"GOBP-MEMBRANE-LIPID-METABOLIC-PROCESS",1.02453992718629e-16,1.18033620551903,1,1,6.4853377390892e-14,"TREM2_LAM"
"GOBP-CELL-FATE-COMMITMENT",6.12568426673968e-13,1.16440189884827,1,1,3.87755814084622e-10,"TREM2_LAM"
"GOBP-LIPID-MODIFICATION",7.92098256996815e-12,1.16116387641061,1,1,5.01398196678984e-09,"TREM2_LAM"
"GOBP-GLYCEROPHOSPHOLIPID-BIOSYNTHETIC-PROCESS",3.50721796723774e-11,1.15861263629143,1,1,2.22006897326149e-08,"TREM2_LAM"
"HALLMARK-FATTY-ACID-METABOLISM",8.88058145770916e-16,1.15736292310502,1,1,5.6214080627299e-13,"TREM2_LAM"
"REACTOME-FATTY-ACID-METABOLISM",1.29331403714208e-12,1.13290114346366,1,1,8.18667785510934e-10,"TREM2_LAM"
"REACTOME-PHOSPHOLIPID-METABOLISM",4.78138736646389e-13,1.12842480992918,1,1,3.02661820297164e-10,"TREM2_LAM"
"WP-CLASSICAL-PATHWAY-OF-STEROIDOGENESIS-WITH-GLUCOCORTICOID-AND-MINERALOCORTICOID-METABOLISM",2.89450388229326e-85,-1.12781846207822,1,1,1.83222095749164e-82,"TREM2_LAM"
"GOBP-FAT-CELL-DIFFERENTIATION",1.52191504403612e-12,1.1135346987159,1,1,9.63372222874865e-10,"TREM2_LAM"
"GOMF-LONG-CHAIN-FATTY-ACID-TRANSPORTER-ACTIVITY",9.37223705053542e-15,1.09288765474356,1,1,5.93262605298892e-12,"TREM2_LAM"
"GOBP-MEMBRANE-LIPID-BIOSYNTHETIC-PROCESS",3.25490476625853e-18,1.08704498125255,1,1,2.06035471704165e-15,"TREM2_LAM"
"REACTOME-GLYCEROPHOSPHOLIPID-BIOSYNTHESIS",1.04169784345092e-12,1.08624863551648,1,1,6.59394734904434e-10,"TREM2_LAM"
"GOBP-CELLULAR-RESPONSE-TO-STEROID-HORMONE-STIMULUS",2.50574681111645e-14,1.07772845010505,1,1,1.58613773143672e-11,"TREM2_LAM"
"GOBP-STEROID-BIOSYNTHETIC-PROCESS",3.33359119614575e-06,1.07758722774687,1,1,0.00211016322716026,"TREM2_LAM"
"GOBP-SPHINGOLIPID-METABOLIC-PROCESS",1.20390320235511e-17,1.06703684591103,1,1,7.62070727090785e-15,"TREM2_LAM"
"GOMF-PHOSPHATIDYLCHOLINE-STEROL-O-ACYLTRANSFERASE-ACTIVATOR-ACTIVITY",9.26746727711701e-26,-1.06449045027121,1,1,5.86630678641507e-23,"TREM2_LAM"
"GOBP-CELLULAR-RESPONSE-TO-CHOLESTEROL",1.78563860036904e-49,-1.05992880174678,1,1,1.1303092340336e-46,"TREM2_LAM"
"HP-INCREASED-MUSCLE-LIPID-CONTENT",3.19758397867714e-14,1.05513347569376,1,1,2.02407065850263e-11,"TREM2_LAM"
"GOBP-FATTY-ACID-CATABOLIC-PROCESS",9.7432570628541e-15,1.05449898926918,1,1,6.16748172078664e-12,"TREM2_LAM"
"GOBP-VERY-LOW-DENSITY-LIPOPROTEIN-PARTICLE-CLEARANCE",1.04781989532605e-26,-1.05247725004837,1,1,6.6326999374139e-24,"TREM2_LAM"
"GOBP-TRIGLYCERIDE-RICH-LIPOPROTEIN-PARTICLE-CLEARANCE",2.62337150177684e-25,-1.04636559508764,1,1,1.66059416062474e-22,"TREM2_LAM"
"GOBP-HIGH-DENSITY-LIPOPROTEIN-PARTICLE-CLEARANCE",1.14571352151139e-65,-1.04330170814942,1,1,7.25236659116712e-63,"TREM2_LAM"
"GOBP-RESPONSE-TO-CORTICOSTEROID",1.21568907312445e-14,1.03344619554186,1,1,7.69531183287778e-12,"TREM2_LAM"
"GOBP-MEDIUM-CHAIN-FATTY-ACYL-COA-METABOLIC-PROCESS",3.37714189012046e-09,1.02493218750446,1,1,2.13773081644625e-06,"TREM2_LAM"
"GOBP-LIPOPROTEIN-METABOLIC-PROCESS",1.07968449042991e-16,1.01783144570004,1,1,6.83440282442133e-14,"TREM2_LAM"
"GOBP-LIPID-OXIDATION",2.84431389485092e-21,1.01724505120825,1,1,1.80045069544063e-18,"TREM2_LAM"
"REACTOME-GLYCEROPHOSPHOLIPID-CATABOLISM",3.57774457459947e-05,1.0056005627509,1,1,0.0226471231572146,"TREM2_LAM"
"GOBP-FATTY-ACID-BETA-OXIDATION",2.11541591175638e-14,1.00457575020539,1,1,1.33905827214179e-11,"TREM2_LAM"
"HP-LIPID-ACCUMULATION-IN-HEPATOCYTES",4.41130432758009e-18,1.00193027577274,1,1,2.7923556393582e-15,"TREM2_LAM"
"REACTOME-METABOLISM-OF-STEROIDS",3.50107346534396e-16,0.997774609404488,1,1,2.21617950356273e-13,"TREM2_LAM"
"GARGALOVIC-RESPONSE-TO-OXIDIZED-PHOSPHOLIPIDS-BLUE-UP",3.91999970720571e-07,0.988935040974058,1,1,0.000248135981466121,"TREM2_LAM"
"GOBP-REGULATION-OF-LIPID-TRANSPORT",4.83369897633645e-11,0.985174266054107,1,1,3.05973145202097e-08,"TREM2_LAM"
"GOBP-REGULATION-OF-LIPID-BIOSYNTHETIC-PROCESS",4.0831032965508e-05,0.982920019675361,1,1,0.0258460438671665,"TREM2_LAM"
"GOBP-REGULATION-OF-VERY-LOW-DENSITY-LIPOPROTEIN-PARTICLE-REMODELING",4.26022679269796e-10,-0.978763906031707,1,1,2.69672355977781e-07,"TREM2_LAM"
"GOBP-REGULATION-OF-LIPID-LOCALIZATION",1.74066867099709e-06,0.976208416574248,1,1,0.00110184326874116,"TREM2_LAM"
"GOBP-FAT-SOLUBLE-VITAMIN-METABOLIC-PROCESS",1.77377389825305e-20,0.971166139674795,1,1,1.12279887759418e-17,"TREM2_LAM"
"GOBP-REGULATION-OF-PHOSPHOLIPID-CATABOLIC-PROCESS",2.56756509432407e-52,-0.965801405303184,1,1,1.62526870470713e-49,"TREM2_LAM"
"GOMF-LIPID-TRANSPORTER-ACTIVITY",2.01420770416445e-14,0.961449786339944,1,1,1.2749934767361e-11,"TREM2_LAM"
"GOBP-FATTY-ACID-BIOSYNTHETIC-PROCESS",3.50252680618268e-11,0.955777189507293,1,1,2.21709946831364e-08,"TREM2_LAM"
"GOBP-SPHINGOLIPID-BIOSYNTHETIC-PROCESS",1.28407855310351e-18,0.952400123618507,1,1,8.12821724114523e-16,"TREM2_LAM"
"GOBP-STEROID-HORMONE-MEDIATED-SIGNALING-PATHWAY",3.79168334559036e-14,0.952174141412613,1,1,2.4001355577587e-11,"TREM2_LAM"
"HALLMARK-CHOLESTEROL-HOMEOSTASIS",3.71028449814205e-26,0.949337334688879,1,1,2.34861008732392e-23,"TREM2_LAM"
"WP-DIFFERENTIATION-OF-WHITE-AND-BROWN-ADIPOCYTE",2.4056518983605e-13,0.946188697751658,1,1,1.52277765166219e-10,"TREM2_LAM"
"REACTOME-ABC-TRANSPORTERS-IN-LIPID-HOMEOSTASIS",4.27943667671741e-07,0.945844910927619,1,1,0.000270888341636212,"TREM2_LAM"
"GOBP-INOSITOL-LIPID-MEDIATED-SIGNALING",6.07533990094065e-07,0.941072469683901,1,1,0.000384569015729543,"TREM2_LAM"
"WP-LIPID-PARTICLES-COMPOSITION",8.02906960133682e-29,-0.93914585321735,1,1,5.08240105764621e-26,"TREM2_LAM"
"GOBP-REGULATION-OF-STEROID-METABOLIC-PROCESS",3.73174292302162e-06,0.938519874635685,1,1,0.00236219327027268,"TREM2_LAM"
"KEGG-GLYCEROPHOSPHOLIPID-METABOLISM",5.98216143340074e-11,0.936911599758451,1,1,3.78670818734267e-08,"TREM2_LAM"
"GOMF-FATTY-ACID-BINDING",2.03937908327552e-09,0.929930016694447,1,1,1.29092695971341e-06,"TREM2_LAM"
"HP-FATIGABLE-WEAKNESS-OF-SKELETAL-MUSCLES",1.57433741141414e-13,0.919537545012464,1,1,9.96555581425149e-11,"TREM2_LAM"
"GOBP-REGULATION-OF-FAT-CELL-DIFFERENTIATION",4.70460447294477e-15,0.919489045573749,1,1,2.97801463137404e-12,"TREM2_LAM"
"GOBP-LIPOPROTEIN-BIOSYNTHETIC-PROCESS",6.59707241711508e-16,0.918640404044542,1,1,4.17594684003385e-13,"TREM2_LAM"
"GOBP-REGULATION-OF-STEROID-BIOSYNTHETIC-PROCESS",4.65588737446241e-13,0.916295920437191,1,1,2.94717670803471e-10,"TREM2_LAM"
"HP-HYPERLIPIDEMIA",9.78870104997988e-23,0.913164008418153,1,1,6.19624776463726e-20,"TREM2_LAM"
"HP-ABNORMAL-CIRCULATING-FATTY-ACID-CONCENTRATION",1.59354144238952e-07,0.911843051794182,1,1,0.000100871173303257,"TREM2_LAM"
"GOBP-NEGATIVE-REGULATION-OF-LIPID-METABOLIC-PROCESS",2.83711143404159e-12,0.907543510843453,1,1,1.79589153774833e-09,"TREM2_LAM"
"GOBP-POSITIVE-REGULATION-OF-CHOLESTEROL-ESTERIFICATION",1.17989663433888e-23,-0.897719228926684,1,1,7.46874569536511e-21,"TREM2_LAM"
"GOMF-LONG-CHAIN-FATTY-ACID-BINDING",4.50550269622046e-13,0.891241100288438,1,1,2.85198320670755e-10,"TREM2_LAM"
"REACTOME-HEPARAN-SULFATE-HEPARIN-HS-GAG-METABOLISM",2.09267826487892e-15,0.889901052393279,1,1,1.32466534166836e-12,"TREM2_LAM"
"GOBP-DETECTION-OF-BACTERIAL-LIPOPROTEIN",1.4689251691138e-25,-0.887751255502299,1,1,9.29829632049036e-23,"TREM2_LAM"
"GOMF-OXYSTEROL-BINDING",1.06132097293138e-22,-0.886840983276291,1,1,6.71816175865563e-20,"TREM2_LAM"
"GOBP-STEROL-IMPORT",2.19744276216065e-43,-0.885473799679496,1,1,1.39098126844769e-40,"TREM2_LAM"
"GOBP-PEPTIDE-CROSS-LINKING-VIA-CHONDROITIN-4-SULFATE-GLYCOSAMINOGLYCAN",2.77539829017396e-11,-0.885150784942202,1,1,1.75682711768011e-08,"TREM2_LAM"
"GOBP-POSITIVE-REGULATION-OF-LIPID-TRANSPORT",2.94483280903721e-19,0.883087799877813,1,1,1.86407916812055e-16,"TREM2_LAM"
"GOBP-NEGATIVE-REGULATION-OF-LIPOPROTEIN-METABOLIC-PROCESS",4.31967007142811e-11,-0.879256016193715,1,1,2.73435115521399e-08,"TREM2_LAM"
"HP-EASY-FATIGABILITY",9.32064542854648e-14,0.875004592529382,1,1,5.89996855626992e-11,"TREM2_LAM"
"HP-FATIGUABLE-WEAKNESS-OF-PROXIMAL-LIMB-MUSCLES",4.49966031766225e-15,0.871833424658083,1,1,2.8482849810802e-12,"TREM2_LAM"
"WP-STEROID-BIOSYNTHESIS",1.27454657547944e-40,-0.868993056169883,1,1,8.06787982278487e-38,"TREM2_LAM"
"REACTOME-REGULATION-OF-LIPID-METABOLISM-BY-PPARALPHA",4.24661054941574e-26,0.868140156465215,1,1,2.68810447778016e-23,"TREM2_LAM"
"GOCC-LIPID-DROPLET",7.24563120157581e-12,0.865007145535599,1,1,4.58648455059749e-09,"TREM2_LAM"
"GOBP-FATTY-ACID-TRANSPORT",6.56602123073193e-07,0.862865179750448,1,1,0.000415629143905331,"TREM2_LAM"
"GOBP-STEROL-TRANSPORT",3.29092867734388e-07,0.861535903254628,1,1,0.000208315785275867,"TREM2_LAM"
"HP-FATIGABLE-WEAKNESS-OF-BULBAR-MUSCLES",7.48909361403539e-17,0.861363497549617,1,1,4.7405962576844e-14,"TREM2_LAM"
"REACTOME-SPHINGOLIPID-METABOLISM",5.81431351807885e-24,0.861062290297291,1,1,3.68046045694391e-21,"TREM2_LAM"
"GOBP-LONG-CHAIN-FATTY-ACID-METABOLIC-PROCESS",4.19753646543829e-11,0.858750498800062,1,1,2.65704058262244e-08,"TREM2_LAM"
"HP-FATIGABLE-WEAKNESS-OF-RESPIRATORY-MUSCLES",6.81471868309353e-14,0.855702312353289,1,1,4.31371692639821e-11,"TREM2_LAM"
"REACTOME-LYSOSPHINGOLIPID-AND-LPA-RECEPTORS",4.14163201448647e-06,0.854677403503041,1,1,0.00262165306516994,"TREM2_LAM"
"GOBP-REGULATION-OF-STEROL-TRANSPORT",7.32106763809058e-17,0.851603476469974,1,1,4.63423581491133e-14,"TREM2_LAM"
"GOBP-LOW-DENSITY-LIPOPROTEIN-RECEPTOR-PARTICLE-METABOLIC-PROCESS",1.72180630788622e-15,-0.848692632705329,1,1,1.08990339289198e-12,"TREM2_LAM"
"GOBP-CELLULAR-RESPONSE-TO-OXIDISED-LOW-DENSITY-LIPOPROTEIN-PARTICLE-STIMULUS",1.40059773956414e-07,0.847933864561226,1,1,8.86578369144098e-05,"TREM2_LAM"
"GOBP-FATTY-ACID-DERIVATIVE-METABOLIC-PROCESS",7.24436085384825e-09,0.846786207417088,1,1,4.58568042048594e-06,"TREM2_LAM"
"GOBP-GLYCOLIPID-BIOSYNTHETIC-PROCESS",2.08063611926264e-07,0.841694448365385,1,1,0.000131704266349325,"TREM2_LAM"
"GOBP-UNSATURATED-FATTY-ACID-METABOLIC-PROCESS",4.22841722672048e-06,0.839495312078808,1,1,0.00267658810451407,"TREM2_LAM"
"GOBP-RECEPTOR-MEDIATED-ENDOCYTOSIS-INVOLVED-IN-CHOLESTEROL-TRANSPORT",5.23609602978486e-14,-0.831255246504335,1,1,3.31444878685382e-11,"TREM2_LAM"
"HP-HYPERTRIGLYCERIDEMIA",2.47419782003563e-20,0.828436674719789,1,1,1.56616722008256e-17,"TREM2_LAM"
"URS-ADIPOCYTE-DIFFERENTIATION-UP",8.52713126042443e-26,0.827716624603619,1,1,5.39767408784866e-23,"TREM2_LAM"
"GOMF-PHOSPHOLIPID-TRANSPORTER-ACTIVITY",1.07083740100348e-24,0.825124042109787,1,1,6.77840074835201e-22,"TREM2_LAM"
"GOBP-NEGATIVE-REGULATION-OF-FATTY-ACID-OXIDATION",3.58361881103048e-16,0.822724939161898,1,1,2.26843070738229e-13,"TREM2_LAM"
"GOBP-PHOSPHOLIPID-TRANSPORT",5.26027475235051e-15,0.819859967301165,1,1,3.32975391823787e-12,"TREM2_LAM"
"GOMF-STEROID-BINDING",1.20731841434951e-08,0.818989098095028,1,1,7.64232556283243e-06,"TREM2_LAM"
"GOBP-CELLULAR-RESPONSE-TO-STEROL",6.48020027762736e-55,-0.812001588405217,1,1,4.10196677573812e-52,"TREM2_LAM"
"REACTOME-TRIGLYCERIDE-METABOLISM",6.39349239424912e-07,0.809490234787869,1,1,0.000404708068555969,"TREM2_LAM"
"GOBP-POSITIVE-REGULATION-OF-LIPID-LOCALIZATION",1.22850020133944e-08,0.801064475662965,1,1,7.77640627447865e-06,"TREM2_LAM"
"GOMF-CALCIUM-DEPENDENT-PHOSPHOLIPID-BINDING",4.28026707831185e-20,0.796834768336931,1,1,2.7094090605714e-17,"TREM2_LAM"
"REACTOME-BIOSYNTHESIS-OF-THE-N-GLYCAN-PRECURSOR-DOLICHOL-LIPID-LINKED-OLIGOSACCHARIDE-LLO-AND-TRANSFER-TO-A-NASCENT-PROTEIN",1.20545248889260e-11,0.794708311372037,1,1,7.63051425469019e-09,"TREM2_LAM"
"GOBP-REGULATION-OF-CELL-FATE-SPECIFICATION",1.33160548717178e-15,-0.79431599766546,1,1,8.42906273379739e-13,"TREM2_LAM"
"HP-ABNORMAL-CIRCULATING-CHOLESTEROL-CONCENTRATION",7.12033570244678e-14,0.790871864989635,1,1,4.50717249964881e-11,"TREM2_LAM"
"GARGALOVIC-RESPONSE-TO-OXIDIZED-PHOSPHOLIPIDS-YELLOW-UP",5.98653855403355e-28,0.788277530647752,1,1,3.78947890470323e-25,"TREM2_LAM"
"GOBP-TRIGLYCERIDE-RICH-LIPOPROTEIN-PARTICLE-REMODELING",4.26309237300554e-20,-0.787299505097353,1,1,2.69853747211251e-17,"TREM2_LAM"
"GOBP-REGULATION-OF-FATTY-ACID-METABOLIC-PROCESS",5.58882881914977e-14,0.781325896269898,1,1,3.53772864252181e-11,"TREM2_LAM"
"REACTOME-PEROXISOMAL-LIPID-METABOLISM",7.26437494815136e-05,0.778271540034341,1,1,0.0459834934217981,"TREM2_LAM"
"GOBP-PROTEIN-SULFATION",2.53907001021859e-15,0.778128718706604,1,1,1.60723131646837e-12,"TREM2_LAM"
"GOBP-NEGATIVE-REGULATION-OF-SEQUESTERING-OF-TRIGLYCERIDE",2.28012485310141e-18,0.773892436850405,1,1,1.44331903201319e-15,"TREM2_LAM"
"GOBP-REGULATION-OF-SEQUESTERING-OF-TRIGLYCERIDE",2.84509993065867e-20,0.772867667099252,1,1,1.80094825610694e-17,"TREM2_LAM"
"KEGG-FATTY-ACID-METABOLISM",2.06582259522964e-05,0.772124025889617,1,1,0.0130766570278036,"TREM2_LAM"
"GOBP-POSITIVE-REGULATION-OF-SEQUESTERING-OF-TRIGLYCERIDE",3.64352003471138e-08,0.769798605134943,1,1,2.3063481819723e-05,"TREM2_LAM"
"GOMF-HIGH-DENSITY-LIPOPROTEIN-PARTICLE-BINDING",1.45182299923374e-39,-0.76867964544923,1,1,9.19003958514956e-37,"TREM2_LAM"
"GARGALOVIC-RESPONSE-TO-OXIDIZED-PHOSPHOLIPIDS-BLUE-DN",5.355505920246e-10,0.767684431562974,1,1,3.39003524751572e-07,"TREM2_LAM"
"GOBP-SEQUESTERING-OF-TRIGLYCERIDE",2.90573258166246e-19,0.767660408501497,1,1,1.83932872419234e-16,"TREM2_LAM"
"GOBP-NEGATIVE-REGULATION-OF-LIPID-BIOSYNTHETIC-PROCESS",9.74292740928695e-06,0.764122676585779,1,1,0.00616727305007864,"TREM2_LAM"
"HP-INCREASED-MUSCLE-FATIGUABILITY",2.2728503641114e-08,0.760342570708031,1,1,1.43871428048252e-05,"TREM2_LAM"
"GOBP-REGULATION-OF-INTRACELLULAR-STEROID-HORMONE-RECEPTOR-SIGNALING-PATHWAY",8.94714994596146e-15,0.758645873069271,1,1,5.66354591579361e-12,"TREM2_LAM"
"REACTOME-REGULATION-OF-CHOLESTEROL-BIOSYNTHESIS-BY-SREBP-SREBF",1.47517056080302e-23,0.751128788563173,1,1,9.3378296498831e-21,"TREM2_LAM"
"GOBP-CELLULAR-RESPONSE-TO-FATTY-ACID",2.38847499362201e-32,0.743622292695045,1,1,1.51190467096273e-29,"TREM2_LAM"
"GOBP-POSITIVE-REGULATION-OF-TRIGLYCERIDE-BIOSYNTHETIC-PROCESS",3.41238642449328e-43,-0.741330011290175,1,1,2.16004060670425e-40,"TREM2_LAM"
"GOBP-VERY-LONG-CHAIN-FATTY-ACID-METABOLIC-PROCESS",2.06111883539845e-07,0.740473013154162,1,1,0.000130468822280722,"TREM2_LAM"
"GOBP-REGULATION-OF-MEMBRANE-LIPID-DISTRIBUTION",2.95428545672777e-28,0.734128999732755,1,1,1.87006269410868e-25,"TREM2_LAM"
"WP-GLYCEROPHOSPHOLIPID-BIOSYNTHETIC-PATHWAY",2.46784078268364e-10,0.733248908834849,1,1,1.56214321543874e-07,"TREM2_LAM"
"WP-FATTY-ACID-BETAOXIDATION",3.75890448009998e-07,0.727952398015563,1,1,0.000237938653590329,"TREM2_LAM"
"GOBP-NEGATIVE-REGULATION-OF-LIPID-LOCALIZATION",4.14361005729761e-12,0.726993496118659,1,1,2.62290516626939e-09,"TREM2_LAM"
"HP-FATIGABLE-WEAKNESS-OF-SWALLOWING-MUSCLES",6.39261761746366e-14,0.725337323512743,1,1,4.0465269518545e-11,"TREM2_LAM"
"GOBP-GLYCOSPHINGOLIPID-METABOLIC-PROCESS",9.067877875949e-09,0.725279817091644,1,1,5.73996669547572e-06,"TREM2_LAM"
"GOBP-CELL-FATE-SPECIFICATION",6.12423367949652e-11,0.723760994389688,1,1,3.8766399191213e-08,"TREM2_LAM"
"GARGALOVIC-RESPONSE-TO-OXIDIZED-PHOSPHOLIPIDS-YELLOW-DN",1.42104531659563e-24,0.720192557721505,1,1,8.99521685405031e-22,"TREM2_LAM"
"GOBP-HIGH-DENSITY-LIPOPROTEIN-PARTICLE-REMODELING",1.22021930040401e-43,-0.715348918543718,1,1,7.72398817155737e-41,"TREM2_LAM"
"WP-FATTY-ACID-BIOSYNTHESIS",5.14338192233182e-14,0.714302278076872,1,1,3.25576075683604e-11,"TREM2_LAM"
"GARGALOVIC-RESPONSE-TO-OXIDIZED-PHOSPHOLIPIDS-GREY-DN",1.3047281596503e-05,0.709740853871499,1,1,0.0082589292505864,"TREM2_LAM"
"SHIPP-DLBCL-CURED-VS-FATAL-DN",3.01289374655105e-08,0.708972932542665,1,1,1.90716174156682e-05,"TREM2_LAM"
"GOBP-NEGATIVE-REGULATION-OF-CHOLESTEROL-METABOLIC-PROCESS",3.20632124331561e-18,-0.706456177221641,1,1,2.02960134701878e-15,"TREM2_LAM"
"GOBP-LONG-CHAIN-FATTY-ACID-TRANSPORT",5.02643924595066e-07,0.706098096280068,1,1,0.000318173604268677,"TREM2_LAM"
"GOBP-LIPID-TRANSLOCATION",3.39082963993994e-28,0.701753614686059,1,1,2.14639516208198e-25,"TREM2_LAM"
"GOBP-STEROID-CATABOLIC-PROCESS",1.41168809302714e-53,-0.701464308431842,1,1,8.93598562886179e-51,"TREM2_LAM"
"GOBP-POSITIVE-REGULATION-OF-STEROL-TRANSPORT",5.14848675437324e-21,0.701029628653671,1,1,3.25899211551826e-18,"TREM2_LAM"
"REACTOME-SPHINGOLIPID-DE-NOVO-BIOSYNTHESIS",1.12534405087829e-24,0.700438060158825,1,1,7.12342784205956e-22,"TREM2_LAM"
"REACTOME-PLASMA-LIPOPROTEIN-ASSEMBLY-REMODELING-AND-CLEARANCE",2.87574770118126e-11,0.698476879994578,1,1,1.82034829484774e-08,"TREM2_LAM"
"GOMF-PHOSPHOLIPID-TRANSFER-ACTIVITY",1.56314375038087e-05,0.697032292158409,1,1,0.0098946999399109,"TREM2_LAM"
"GOMF-HEPARAN-SULFATE-SULFOTRANSFERASE-ACTIVITY",9.53877145828619e-07,0.695911776455821,1,1,0.000603804233309516,"TREM2_LAM"
"GOBP-POSITIVE-REGULATION-OF-FAT-CELL-DIFFERENTIATION",1.52459411971301e-23,0.69427714305784,1,1,9.65068077778338e-21,"TREM2_LAM"
"WP-CHOLESTEROL-METABOLISM-WITH-BLOCH-AND-KANDUTSCHRUSSELL-PATHWAYS",2.73551669546961e-10,0.693834137626455,1,1,1.73158206823226e-07,"TREM2_LAM"
"GOBP-BROWN-FAT-CELL-DIFFERENTIATION",3.34860490017875e-14,0.693833181001621,1,1,2.11966690181315e-11,"TREM2_LAM"
"GOBP-NEGATIVE-REGULATION-OF-LOW-DENSITY-LIPOPROTEIN-PARTICLE-CLEARANCE",2.57787579769554e-16,-0.691727702343356,1,1,1.63179537994128e-13,"TREM2_LAM"
"GARGALOVIC-RESPONSE-TO-OXIDIZED-PHOSPHOLIPIDS-TURQUOISE-UP",6.56337355021402e-06,0.691412378456177,1,1,0.00415461545728548,"TREM2_LAM"
"HP-ABNORMALITY-OF-LIPOPROTEIN-CHOLESTEROL-CONCENTRATION",1.52222924203023e-15,0.688637455992763,1,1,9.63571110205135e-13,"TREM2_LAM"
"REACTOME-TRIGLYCERIDE-CATABOLISM",1.41256339608381e-06,0.687187055621448,1,1,0.000894152629721055,"TREM2_LAM"
"GOBP-NEGATIVE-REGULATION-OF-LIPOPROTEIN-PARTICLE-CLEARANCE",9.73760334150268e-26,-0.681163746359276,1,1,6.1639029151712e-23,"TREM2_LAM"
"GARGALOVIC-RESPONSE-TO-OXIDIZED-PHOSPHOLIPIDS-BLACK-UP",2.02300756701709e-09,0.677143343777189,1,1,1.28056378992182e-06,"TREM2_LAM"
"GOBP-REGULATION-OF-CHOLESTEROL-EFFLUX",1.01064165037371e-15,0.676281659693296,1,1,6.39736164686556e-13,"TREM2_LAM"
"GOBP-MYOBLAST-FATE-COMMITMENT",6.22615191387724e-09,0.674007194653869,1,1,3.9411541614843e-06,"TREM2_LAM"
"GOBP-FATTY-ACID-DERIVATIVE-BIOSYNTHETIC-PROCESS",1.68189857961311e-05,0.670710911768563,1,1,0.010646418008951,"TREM2_LAM"
"GOBP-LIPID-STORAGE",5.36475923001008e-06,0.667925723231619,1,1,0.00339589259259638,"TREM2_LAM"
"GOBP-MEMBRANE-LIPID-CATABOLIC-PROCESS",5.97418723657801e-05,0.666533614589756,1,1,0.0378166052075388,"TREM2_LAM"
"GOBP-CELLULAR-RESPONSE-TO-CORTICOSTEROID-STIMULUS",9.22223202413705e-18,0.665783728399979,1,1,5.83767287127875e-15,"TREM2_LAM"
"GOBP-REGULATION-OF-PLASMA-LIPOPROTEIN-PARTICLE-LEVELS",1.16923979592709e-07,0.65377587088666,1,1,7.40128790821848e-05,"TREM2_LAM"
"GOBP-VERY-LOW-DENSITY-LIPOPROTEIN-PARTICLE-ASSEMBLY",1.40559261464861e-22,-0.652896548916557,1,1,8.8974012507257e-20,"TREM2_LAM"
"GARGALOVIC-RESPONSE-TO-OXIDIZED-PHOSPHOLIPIDS-LIGHTYELLOW-UP",4.22385492887906e-14,0.652193694910522,1,1,2.67370016998045e-11,"TREM2_LAM"
"REACTOME-TRANSCRIPTIONAL-REGULATION-OF-WHITE-ADIPOCYTE-DIFFERENTIATION",1.00911942867595e-15,0.651406683934447,1,1,6.38772598351876e-13,"TREM2_LAM"
"GOBP-FATTY-ACYL-COA-METABOLIC-PROCESS",1.09229992999469e-09,0.648394754965823,1,1,6.91425855686641e-07,"TREM2_LAM"
"REACTOME-KERATAN-SULFATE-KERATIN-METABOLISM",4.44113419566168e-07,0.648074911514377,1,1,0.000281123794585384,"TREM2_LAM"
"GOBP-NEGATIVE-REGULATION-OF-FAT-CELL-DIFFERENTIATION",1.69516175207198e-05,0.647575805216176,1,1,0.0107303738906157,"TREM2_LAM"
"REACTOME-GAMMA-CARBOXYLATION-HYPUSINE-FORMATION-AND-ARYLSULFATASE-ACTIVATION",2.66092700180581e-14,0.643400302851212,1,1,1.68436679214308e-11,"TREM2_LAM"
"GOBP-REGULATION-OF-FATTY-ACID-BETA-OXIDATION",7.27328568245219e-10,0.635542545446969,1,1,4.60398983699224e-07,"TREM2_LAM"
"REACTOME-GLYCOSPHINGOLIPID-METABOLISM",1.05262936911593e-11,0.633861396827336,1,1,6.66314390650386e-09,"TREM2_LAM"
"GOBP-REGULATION-OF-LIPID-KINASE-ACTIVITY",1.47345018215985e-08,0.630571489651861,1,1,9.32693965307186e-06,"TREM2_LAM"
"GOBP-SULFATION",3.02518316356982e-14,0.622039205725532,1,1,1.9149409425397e-11,"TREM2_LAM"
"GOBP-INTRACELLULAR-LIPID-TRANSPORT",9.32670069845212e-08,0.619345536296762,1,1,5.9038015421202e-05,"TREM2_LAM"
"GOMF-INTRAMEMBRANE-LIPID-TRANSPORTER-ACTIVITY",8.64190834476998e-24,0.61916816980008,1,1,5.4703279822394e-21,"TREM2_LAM"
"GOBP-RESPONSE-TO-FATTY-ACID",2.84446079633565e-16,0.618797480915254,1,1,1.80054368408047e-13,"TREM2_LAM"
"PID-NFAT-3PATHWAY",5.62911172567493e-14,0.615629260163695,1,1,3.56322772235223e-11,"TREM2_LAM"
"PID-LYSOPHOSPHOLIPID-PATHWAY",1.92581402094654e-10,0.61544257500722,1,1,1.21904027525916e-07,"TREM2_LAM"
"GOBP-NEGATIVE-REGULATION-OF-FATTY-ACID-METABOLIC-PROCESS",3.14957183210206e-12,0.611159405919751,1,1,1.9936789697206e-09,"TREM2_LAM"
"GOMF-STEROL-BINDING",1.2555317147846e-05,0.606831079216284,1,1,0.00794751575458654,"TREM2_LAM"
"HP-ABNORMALITY-OF-SUBCUTANEOUS-FAT-TISSUE",3.49315656890949e-08,0.605335886790375,1,1,2.21116810811971e-05,"TREM2_LAM"
"GARGALOVIC-RESPONSE-TO-OXIDIZED-PHOSPHOLIPIDS-CYAN-UP",3.92264680626161e-16,0.602930047560474,1,1,2.4830354283636e-13,"TREM2_LAM"
"KEGG-GLYCOSAMINOGLYCAN-BIOSYNTHESIS-HEPARAN-SULFATE",7.0458054369343e-09,0.602401963959673,1,1,4.45999484157941e-06,"TREM2_LAM"
"KEGG-SPHINGOLIPID-METABOLISM",2.10144868323022e-13,0.598125311942842,1,1,1.33021701648473e-10,"TREM2_LAM"
"WP-FATTY-ACID-TRANSPORTERS",8.94453648317127e-09,0.597031831608072,1,1,5.66189159384742e-06,"TREM2_LAM"
"GOBP-PHOSPHOLIPID-DEPHOSPHORYLATION",7.34249311652066e-08,0.594256146004598,1,1,4.64779814275758e-05,"TREM2_LAM"
"GOBP-NEGATIVE-REGULATION-OF-LIPID-STORAGE",2.00008503094865e-20,0.593997644375444,1,1,1.2660538245905e-17,"TREM2_LAM"
"PID-NFAT-TFPATHWAY",1.03293602392921e-17,0.593317675991758,1,1,6.53848503147188e-15,"TREM2_LAM"
"GOBP-REGULATION-OF-FATTY-ACID-OXIDATION",2.44508863150482e-28,0.592183804329577,1,1,1.54774110374255e-25,"TREM2_LAM"
"WP-LIPID-METABOLISM-PATHWAY",1.88241961777383e-07,0.59199346836064,1,1,0.000119157161805083,"TREM2_LAM"
"GOMF-FATTY-ACID-LIGASE-ACTIVITY",3.32777361668204e-05,0.590897547929233,1,1,0.0210648069935973,"TREM2_LAM"
"GOBP-FATTY-ACID-TRANSMEMBRANE-TRANSPORT",3.22911388440796e-08,0.590348288452896,1,1,2.04402908883024e-05,"TREM2_LAM"
"HP-FAT-MALABSORPTION",1.15617256199368e-06,0.589190813876312,1,1,0.000731857231741998,"TREM2_LAM"
"WP-GLYCEROLIPIDS-AND-GLYCEROPHOSPHOLIPIDS",4.93548486290009e-05,0.587643852116304,1,1,0.0312416191821576,"TREM2_LAM"
"HP-CHRONIC-FATIGUE",3.42793418146029e-12,0.587566689337875,1,1,2.16988233686436e-09,"TREM2_LAM"
"GOBP-REGULATION-OF-TRIGLYCERIDE-CATABOLIC-PROCESS",9.76789076003734e-19,-0.586085152620187,1,1,6.18307485110364e-16,"TREM2_LAM"
"GOBP-INTERMEMBRANE-LIPID-TRANSFER",2.93130541809807e-06,0.584632524998255,1,1,0.00185551632965608,"TREM2_LAM"
"GOMF-LIPID-TRANSFER-ACTIVITY",2.93130541809807e-06,0.584632524998255,1,1,0.00185551632965608,"TREM2_LAM"
"GOBP-LIPID-IMPORT-INTO-CELL",1.19902598900882e-08,0.579468190606315,1,1,7.58983451042586e-06,"TREM2_LAM"
"GOBP-POSITIVE-REGULATION-OF-STEROID-BIOSYNTHETIC-PROCESS",1.71003960311152e-07,0.578613675665284,1,1,0.000108245506876959,"TREM2_LAM"
"REACTOME-HSP90-CHAPERONE-CYCLE-FOR-STEROID-HORMONE-RECEPTORS-SHR-IN-THE-PRESENCE-OF-LIGAND",8.66147867197667e-07,0.576227043550514,1,1,0.000548271599936123,"TREM2_LAM"
"GOBP-REGULATION-OF-FATTY-ACID-BIOSYNTHETIC-PROCESS",5.82401877484738e-11,0.575970713302142,1,1,3.68660388447839e-08,"TREM2_LAM"
"REACTOME-KERATAN-SULFATE-BIOSYNTHESIS",2.02602065199225e-06,0.574614922242116,1,1,0.00128247107271109,"TREM2_LAM"
"KEGG-ETHER-LIPID-METABOLISM",8.54070135157319e-06,0.573373184067026,1,1,0.00540626395554583,"TREM2_LAM"
"GOBP-POSITIVE-REGULATION-OF-UNSATURATED-FATTY-ACID-BIOSYNTHETIC-PROCESS",5.55056245545512e-22,-0.57048371750148,1,1,3.51350603430309e-19,"TREM2_LAM"
"WP-SPHINGOLIPID-PATHWAY",1.15313238856495e-16,0.566787130002798,1,1,7.29932801961616e-14,"TREM2_LAM"
"GOBP-POSITIVE-REGULATION-OF-CHOLESTEROL-EFFLUX",6.6280519016165e-17,0.564014534267546,1,1,4.19555685372325e-14,"TREM2_LAM"
"GOBP-POSITIVE-REGULATION-OF-LIPID-KINASE-ACTIVITY",1.23664716532575e-11,0.562065474838982,1,1,7.82797655651199e-09,"TREM2_LAM"
"GOBP-NEGATIVE-REGULATION-OF-CHOLESTEROL-EFFLUX",1.20537691001718e-14,-0.559776626808993,1,1,7.63003584040875e-12,"TREM2_LAM"
"WP-SPHINGOLIPID-METABOLISM-INTEGRATED-PATHWAY",2.78350349858876e-18,0.554123125215916,1,1,1.76195771460668e-15,"TREM2_LAM"
"BIOCARTA-NFAT-PATHWAY",1.05464987906474e-13,0.552167474358545,1,1,6.67593373447981e-11,"TREM2_LAM"
"WP-MITOCHONDRIAL-LONG-CHAIN-FATTY-ACID-BETAOXIDATION",1.68493987474475e-05,0.551094723938543,1,1,0.0106656694071342,"TREM2_LAM"
"HP-HYPERCHOLESTEROLEMIA",1.94317644885039e-09,0.550767274391144,1,1,1.23003069212229e-06,"TREM2_LAM"
"REACTOME-SYNTHESIS-OF-BILE-ACIDS-AND-BILE-SALTS-VIA-7ALPHA-HYDROXYCHOLESTEROL",7.72986882676868e-20,0.550752666583592,1,1,4.89300696734457e-17,"TREM2_LAM"
"GOBP-NEGATIVE-REGULATION-OF-CHOLESTEROL-STORAGE",9.98340443828689e-19,0.547138350004936,1,1,6.3194950094356e-16,"TREM2_LAM"
"GOMF-CHOLESTEROL-BINDING",2.40268954549842e-05,0.543965479981472,1,1,0.015209024823005,"TREM2_LAM"
"WP-WHITE-FAT-CELL-DIFFERENTIATION",1.05576997905893e-07,0.543700276016081,1,1,6.68302396744301e-05,"TREM2_LAM"
"GOBP-NEGATIVE-REGULATION-OF-INTRACELLULAR-STEROID-HORMONE-RECEPTOR-SIGNALING-PATHWAY",2.26086805327736e-15,0.541117325469016,1,1,1.43112947772457e-12,"TREM2_LAM"
"GOBP-REGULATION-OF-LIPID-STORAGE",8.6854677588035e-08,0.536309066105785,1,1,5.49790109132262e-05,"TREM2_LAM"
"GOBP-POSITIVE-REGULATION-OF-STEROID-METABOLIC-PROCESS",6.02233295844764e-05,0.535920487631228,1,1,0.0381213676269736,"TREM2_LAM"
"HP-FATTY-REPLACEMENT-OF-SKELETAL-MUSCLE",1.428860115096e-07,0.533949881157183,1,1,9.04468452855766e-05,"TREM2_LAM"
"GOMF-SPHINGOLIPID-TRANSPORTER-ACTIVITY",1.56561607699778e-08,0.532805190246489,1,1,9.91034976739597e-06,"TREM2_LAM"
"HP-HYPOLIPOPROTEINEMIA",3.76269210460392e-17,0.530582047399066,1,1,2.38178410221428e-14,"TREM2_LAM"
"WP-SPHINGOLIPID-METABOLISM-OVERVIEW",3.9831221600756e-19,0.523903771431246,1,1,2.52131632732785e-16,"TREM2_LAM"
"GOMF-LONG-CHAIN-FATTY-ACID-COA-LIGASE-ACTIVITY",4.33609445678944e-05,0.52382122592744,1,1,0.0274474779114772,"TREM2_LAM"
"GOBP-REGULATION-OF-STEROID-HORMONE-BIOSYNTHETIC-PROCESS",6.15633284824334e-08,0.521163254160155,1,1,3.89695869293803e-05,"TREM2_LAM"
"GOMF-STEROID-HORMONE-RECEPTOR-ACTIVITY",5.61705520688994e-05,0.517637673334199,1,1,0.0355559594596133,"TREM2_LAM"
"GOBP-SPHINGOLIPID-TRANSLOCATION",8.88409094305211e-18,0.5135372894012,1,1,5.62362956695199e-15,"TREM2_LAM"
"GOBP-RETROGRADE-TRANS-SYNAPTIC-SIGNALING-BY-LIPID",1.08744663588931e-07,-0.508736696815278,1,1,6.88353720517933e-05,"TREM2_LAM"
"GOBP-CELLULAR-RESPONSE-TO-LIPOPROTEIN-PARTICLE-STIMULUS",6.4157747559048e-08,0.506902107276709,1,1,4.06118542048774e-05,"TREM2_LAM"
"GOMF-ATPASE-COUPLED-INTRAMEMBRANE-LIPID-TRANSPORTER-ACTIVITY",9.80636812471902e-17,0.505616564778054,1,1,6.20743102294714e-14,"TREM2_LAM"
"WP-KENNEDY-PATHWAY-FROM-SPHINGOLIPIDS",4.68135390196276e-11,0.503685499828066,1,1,2.96329701994243e-08,"TREM2_LAM"
"WP-NUCLEAR-RECEPTORS-IN-LIPID-METABOLISM-AND-TOXICITY",9.12372314718648e-10,0.501555921968511,1,1,5.77531675216904e-07,"TREM2_LAM"
"GOMF-STEROL-TRANSPORTER-ACTIVITY",7.67886923891394e-11,0.49443798383417,1,1,4.86072422823252e-08,"TREM2_LAM"
"GOBP-REGULATION-OF-BROWN-FAT-CELL-DIFFERENTIATION",1.63202150964866e-12,0.493516786754026,1,1,1.0330696156076e-09,"TREM2_LAM"
"GOBP-HEPARAN-SULFATE-PROTEOGLYCAN-METABOLIC-PROCESS",3.09363352939786e-09,0.490722294611934,1,1,1.95827002410885e-06,"TREM2_LAM"
"WP-SREBF-AND-MIR33-IN-CHOLESTEROL-AND-LIPID-HOMEOSTASIS",2.40990804125777e-09,0.485139021953798,1,1,1.52547179011617e-06,"TREM2_LAM"
"REACTOME-NR1H3-NR1H2-REGULATE-GENE-EXPRESSION-LINKED-TO-CHOLESTEROL-TRANSPORT-AND-EFFLUX",9.68953188142295e-18,0.485055529867126,1,1,6.13347368094073e-15,"TREM2_LAM"
"REACTOME-CHONDROITIN-SULFATE-DERMATAN-SULFATE-METABOLISM",2.40322323862177e-05,0.482514866411804,1,1,0.0152124031004758,"TREM2_LAM"
"GOBP-INTRACELLULAR-STEROL-TRANSPORT",2.19788632232502e-07,0.480431428320083,1,1,0.000139126204203174,"TREM2_LAM"
"KEGG-GLYCOSAMINOGLYCAN-BIOSYNTHESIS-KERATAN-SULFATE",4.33579197263106e-09,0.478190125594449,1,1,2.74455631867546e-06,"TREM2_LAM"
"GOBP-PLASMA-MEMBRANE-PHOSPHOLIPID-SCRAMBLING",3.67331111546996e-09,0.477740832777334,1,1,2.32520593609249e-06,"TREM2_LAM"
"GOBP-LONG-CHAIN-FATTY-ACID-IMPORT-ACROSS-PLASMA-MEMBRANE",2.47414606139955e-06,0.468656864735383,1,1,0.00156613445686592,"TREM2_LAM"
"REACTOME-ENDOGENOUS-STEROLS",2.59443189538588e-11,0.462692732569518,1,1,1.64227538977926e-08,"TREM2_LAM"
"GARGALOVIC-RESPONSE-TO-OXIDIZED-PHOSPHOLIPIDS-GREEN-DN",2.84156874169544e-07,0.462611993645914,1,1,0.000179871301349321,"TREM2_LAM"
"GARGALOVIC-RESPONSE-TO-OXIDIZED-PHOSPHOLIPIDS-MAGENTA-UP",1.04101395709304e-08,0.45916909690941,1,1,6.58961834839895e-06,"TREM2_LAM"
"REACTOME-PLASMA-LIPOPROTEIN-CLEARANCE",7.63355255954378e-07,0.454637981619696,1,1,0.000483203877019121,"TREM2_LAM"
"GOBP-PROTEIN-LIPID-COMPLEX-ASSEMBLY",2.37561259063167e-09,0.453117306161352,1,1,1.50376276986985e-06,"TREM2_LAM"
"GOBP-REGULATION-OF-CHOLESTEROL-ESTERIFICATION",2.83475032730056e-15,-0.450670575744605,1,1,1.79439695718126e-12,"TREM2_LAM"
"GOBP-HEPARAN-SULFATE-PROTEOGLYCAN-BIOSYNTHETIC-PROCESS",8.57531484463288e-10,0.450364906507049,1,1,5.42817429665261e-07,"TREM2_LAM"
"GOMF-LIPOPROTEIN-PARTICLE-RECEPTOR-BINDING",1.8096068496091e-10,0.45005760157453,1,1,1.14548113580256e-07,"TREM2_LAM"
"GOBP-POSITIVE-REGULATION-OF-BROWN-FAT-CELL-DIFFERENTIATION",2.05210496390151e-10,0.449309614778335,1,1,1.29898244214965e-07,"TREM2_LAM"
"GARGALOVIC-RESPONSE-TO-OXIDIZED-PHOSPHOLIPIDS-RED-DN",4.76498196847855e-11,0.446504722279742,1,1,3.01623358604692e-08,"TREM2_LAM"
"GOBP-PHOSPHOLIPID-HOMEOSTASIS",9.90384988040771e-09,0.435797706367783,1,1,6.26913697429808e-06,"TREM2_LAM"
"GOBP-POSITIVE-REGULATION-OF-TRIGLYCERIDE-CATABOLIC-PROCESS",3.87513812408371e-07,-0.435207097312251,1,1,0.000245296243254499,"TREM2_LAM"
"WP-FAMILIAL-HYPERLIPIDEMIA-TYPE-3",1.66127611976246e-24,-0.433794097526624,1,1,1.05158778380964e-21,"TREM2_LAM"
"GARGALOVIC-RESPONSE-TO-OXIDIZED-PHOSPHOLIPIDS-GREEN-UP",1.30584754556846e-11,0.432222208487809,1,1,8.26601496344833e-09,"TREM2_LAM"
"GOMF-LOW-DENSITY-LIPOPROTEIN-PARTICLE-RECEPTOR-BINDING",1.32738784786525e-10,0.427349958414098,1,1,8.402365076987e-08,"TREM2_LAM"
"GOBP-CORTICOSTEROID-RECEPTOR-SIGNALING-PATHWAY",2.95681511986929e-08,0.425606108506773,1,1,1.87166397087726e-05,"TREM2_LAM"
"GOBP-TRANS-SYNAPTIC-SIGNALING-BY-LIPID",1.86344489255978e-07,-0.418952285420946,1,1,0.000117956061699034,"TREM2_LAM"
"GOCC-TRIGLYCERIDE-RICH-PLASMA-LIPOPROTEIN-PARTICLE",3.17342171422681e-15,-0.415527090470805,1,1,2.00877594510557e-12,"TREM2_LAM"
"HP-ABNORMAL-HDL-CHOLESTEROL-CONCENTRATION",2.08991592241443e-14,0.411839978693505,1,1,1.32291677888834e-11,"TREM2_LAM"
"GOBP-LIPOPROTEIN-LOCALIZATION",1.15931183932186e-11,0.410781722958077,1,1,7.33844394290738e-09,"TREM2_LAM"
"GOMF-PHOSPHOLIPID-SCRAMBLASE-ACTIVITY",3.14956851983458e-06,0.407296514002013,1,1,0.00199367687305529,"TREM2_LAM"
"GOBP-POSITIVE-REGULATION-OF-CHOLESTEROL-STORAGE",1.11077749267093e-21,-0.406648596849596,1,1,7.03122152860702e-19,"TREM2_LAM"
"GOBP-CELLULAR-RESPONSE-TO-LOW-DENSITY-LIPOPROTEIN-PARTICLE-STIMULUS",4.22456655829538e-10,0.404952684035498,1,1,2.67415063140097e-07,"TREM2_LAM"
"GOBP-POSITIVE-REGULATION-OF-STEROID-HORMONE-BIOSYNTHETIC-PROCESS",4.21273456067592e-06,0.404759367329983,1,1,0.00266666097690786,"TREM2_LAM"
"GOBP-LONG-CHAIN-FATTY-ACID-BIOSYNTHETIC-PROCESS",1.00366475415782e-07,0.388162256846996,1,1,6.35319789381899e-05,"TREM2_LAM"
"REACTOME-SYNTHESIS-OF-BILE-ACIDS-AND-BILE-SALTS-VIA-27-HYDROXYCHOLESTEROL",6.02124515884101e-11,0.383144846587253,1,1,3.81144818554636e-08,"TREM2_LAM"
"GOBP-STEROID-ESTERIFICATION",2.66419047526532e-20,-0.373815845365441,1,1,1.68643257084295e-17,"TREM2_LAM"
"REACTOME-PLASMA-LIPOPROTEIN-ASSEMBLY",3.90133016734329e-05,0.367749140269056,1,1,0.024695419959283,"TREM2_LAM"
"HP-HYPOCHOLESTEROLEMIA",2.76167612521044e-08,0.356869672601044,1,1,1.74814098725821e-05,"TREM2_LAM"
"GOBP-POSITIVE-REGULATION-OF-TRIGLYCERIDE-METABOLIC-PROCESS",2.3502478722311e-28,-0.356850935546352,1,1,1.48770690312229e-25,"TREM2_LAM"
"GOBP-CARDIAC-MUSCLE-CELL-FATE-COMMITMENT",4.64122337491674e-06,0.347657988257905,1,1,0.0029378943963223,"TREM2_LAM"
"GOBP-CARDIAC-CELL-FATE-COMMITMENT",2.85031316195401e-05,0.343631154229481,1,1,0.0180424823151689,"TREM2_LAM"
"GOBP-CHONDROITIN-SULFATE-PROTEOGLYCAN-METABOLIC-PROCESS",7.94574035454698e-06,0.333068074228247,1,1,0.00502965364442824,"TREM2_LAM"
"GOBP-NEGATIVE-REGULATION-OF-STEROL-TRANSPORT",3.20006372396997e-18,-0.332999236360276,1,1,2.02564033727299e-15,"TREM2_LAM"
"GOBP-APOLIPOPROTEIN-A-I-MEDIATED-SIGNALING-PATHWAY",2.77349140628678e-07,0.331590531051761,1,1,0.000175562006017953,"TREM2_LAM"
"REACTOME-METABOLISM-OF-STEROID-HORMONES",1.4316812751432e-41,-0.323188222210104,1,1,9.06254247165644e-39,"TREM2_LAM"
"GOBP-C-TERMINAL-PROTEIN-LIPIDATION",3.80215872107404e-11,0.312211348513397,1,1,2.40676647043987e-08,"TREM2_LAM"
"REACTOME-CALCINEURIN-ACTIVATES-NFAT",7.32919452727987e-08,0.308568991344016,1,1,4.63938013576816e-05,"TREM2_LAM"
"GOBP-REGULATION-OF-TRIGLYCERIDE-BIOSYNTHETIC-PROCESS",1.4192779612936e-21,-0.29944929188385,1,1,8.98402949498846e-19,"TREM2_LAM"
"GOBP-NEGATIVE-REGULATION-OF-FATTY-ACID-TRANSPORT",4.04745731284101e-06,-0.291690587415493,1,1,0.00256204047902836,"TREM2_LAM"
"KEGG-STEROID-HORMONE-BIOSYNTHESIS",1.69706197193918e-49,-0.256215968203465,1,1,1.0742402282375e-46,"TREM2_LAM"
"GOBP-NEGATIVE-REGULATION-OF-TRIGLYCERIDE-METABOLIC-PROCESS",1.69066966132524e-08,-0.254116798863799,1,1,1.07019389561888e-05,"TREM2_LAM"
"GOMF-LOW-DENSITY-LIPOPROTEIN-PARTICLE-RECEPTOR-ACTIVITY",9.49172557493144e-06,0.247062900305191,1,1,0.0060082622889316,"TREM2_LAM"
"GOBP-CELLULAR-RESPONSE-TO-BACTERIAL-LIPOPROTEIN",1.07591833161986e-06,-0.242766180783879,1,1,0.000681056303915371,"TREM2_LAM"
"HP-ABNORMAL-SUBCUTANEOUS-FAT-TISSUE-DISTRIBUTION",1.54039622636499e-06,0.229155751474902,1,1,0.00097507081128904,"TREM2_LAM"
"GOBP-RESPONSE-TO-BACTERIAL-LIPOPROTEIN",8.88435624145468e-07,-0.227176736932101,1,1,0.000562379750084081,"TREM2_LAM"
"GOMF-SECONDARY-ACTIVE-SULFATE-TRANSMEMBRANE-TRANSPORTER-ACTIVITY",8.65043492367671e-09,-0.220009294312404,1,1,5.47572530668735e-06,"TREM2_LAM"
"GOMF-APOLIPOPROTEIN-A-I-BINDING",1.52646294984241e-05,-0.210730787783649,1,1,0.00966251047250243,"TREM2_LAM"
"GOBP-REGULATION-OF-UNSATURATED-FATTY-ACID-BIOSYNTHETIC-PROCESS",7.34739506463941e-08,-0.205084354062784,1,1,4.65090107591675e-05,"TREM2_LAM"
"GOMF-ATPASE-COUPLED-LIPID-TRANSMEMBRANE-TRANSPORTER-ACTIVITY",6.5539817446316e-06,-0.202063210091507,1,1,0.0041486704443518,"TREM2_LAM"
"GOBP-DERMATAN-SULFATE-PROTEOGLYCAN-METABOLIC-PROCESS",4.97636174866974e-05,0.196398424228605,1,1,0.0315003698690795,"TREM2_LAM"
"GOBP-ENDOTHELIAL-CELL-FATE-COMMITMENT",8.07220754779368e-06,0.188155341568538,1,1,0.0051097073777534,"TREM2_LAM"
"GOBP-SULFATE-TRANSPORT",4.90283235289598e-05,0.186865279226708,1,1,0.0310349287938315,"TREM2_LAM"
"REACTOME-CHOLESTEROL-BIOSYNTHESIS",5.9363692622292e-16,0.177456053777809,1,1,3.75772174299109e-13,"TREM2_LAM"
"GARGALOVIC-RESPONSE-TO-OXIDIZED-PHOSPHOLIPIDS-BLACK-DN",1.08886930451083e-05,0.170310839558027,1,1,0.00689254269755353,"TREM2_LAM"
"WP-CHOLESTEROL-BIOSYNTHESIS-PATHWAY",9.33243040258434e-08,0.165489542815012,1,1,5.90742844483589e-05,"TREM2_LAM"
"GOBP-REGULATION-OF-PHOSPHOLIPID-TRANSPORT",2.54223961209418e-06,-0.140737733905177,1,1,0.00160923767445561,"TREM2_LAM"
"GOBP-REGULATION-OF-CELL-FATE-COMMITMENT",1.94042272718442e-06,0.110255775398549,1,1,0.00122828758630773,"TREM2_LAM"
"GOBP-FATTY-ACID-HOMEOSTASIS",2.15814112394716e-09,-0.100636134398111,1,1,1.36610333145855e-06,"TREM2_LAM"
"GOBP-POSITIVE-REGULATION-OF-FATTY-ACID-BIOSYNTHETIC-PROCESS",1.7889890576838e-07,-0.0823190133755425,1,1,0.000113243007351384,"TREM2_LAM"
"GOBP-REGULATION-OF-LOW-DENSITY-LIPOPROTEIN-PARTICLE-CLEARANCE",5.18751796787798e-12,-0.0805943775909617,1,1,3.28369887366676e-09,"TREM2_LAM"
"GOBP-REGULATION-OF-LIPOPROTEIN-PARTICLE-CLEARANCE",2.5598334786436e-18,-0.0385622099148941,1,1,1.6203745919814e-15,"TREM2_LAM"
"KEGG-STEROID-BIOSYNTHESIS",2.20909299310655e-05,0.035249555031533,1,1,0.0139835586463644,"TREM2_LAM"
"GOMF-SULFATE-TRANSMEMBRANE-TRANSPORTER-ACTIVITY",3.08357679142724e-07,0.0349308344246317,1,1,0.000195190410897344,"TREM2_LAM"
"GOBP-NEGATIVE-REGULATION-OF-STEROID-METABOLIC-PROCESS",1.50497548615663e-10,-0.0293674047088244,1,1,9.5264948273715e-08,"TREM2_LAM"
"GOMF-3-BETA-HYDROXY-DELTA5-STEROID-DEHYDROGENASE-ACTIVITY",2.53748922102147e-45,-3.24619801116467,1,1,1.60623067690659e-42,"Foam"
"GOCC-SPHERICAL-HIGH-DENSITY-LIPOPROTEIN-PARTICLE",2.33802965671059e-37,-3.19123468153755,1,1,1.4799727726978e-34,"Foam"
"MATZUK-STEROIDOGENESIS",1.25315070071613e-111,-3.00316069954119,1,1,7.93244393553309e-109,"Foam"
"GOBP-REGULATION-OF-VERY-LOW-DENSITY-LIPOPROTEIN-PARTICLE-REMODELING",8.22265568099086e-23,-2.73483165082526,1,1,5.20494104606721e-20,"Foam"
"WP-CHOLESTEROL-BIOSYNTHESIS-WITH-SKELETAL-DYSPLASIAS",2.25083011823902e-68,-2.59134853343387,1,1,1.4247754648453e-65,"Foam"
"GOMF-STEROID-HYDROXYLASE-ACTIVITY",1.01913958899932e-142,-2.26424956765913,1,1,6.45115359836568e-140,"Foam"
"GOBP-CELLULAR-RESPONSE-TO-CHOLESTEROL",7.00717924299628e-54,-1.53336859805544,1,1,4.43554446081664e-51,"Foam"
"GOBP-PEPTIDE-CROSS-LINKING-VIA-CHONDROITIN-4-SULFATE-GLYCOSAMINOGLYCAN",3.2453783481714e-12,-1.50537424087094,1,1,2.05432449439249e-09,"Foam"
"GOBP-CHOLESTEROL-CATABOLIC-PROCESS",7.82142607278443e-79,-1.49780635541014,1,1,4.95096270407254e-76,"Foam"
"GOBP-NEGATIVE-REGULATION-OF-FATTY-ACID-BETA-OXIDATION",1.19500189945608e-30,1.45347726843208,1,1,7.56436202355701e-28,"Foam"
"GOBP-NEGATIVE-REGULATION-OF-LOW-DENSITY-LIPOPROTEIN-PARTICLE-CLEARANCE",1.70971633922188e-18,-1.41211087758568,1,1,1.08225044272745e-15,"Foam"
"GOBP-NEGATIVE-REGULATION-OF-LIPOPROTEIN-PARTICLE-CLEARANCE",1.09337766263626e-29,-1.39559123290905,1,1,6.9210806044875e-27,"Foam"
"GOBP-HIGH-DENSITY-LIPOPROTEIN-PARTICLE-CLEARANCE",7.67021656826325e-66,-1.32648549874609,1,1,4.85524708771064e-63,"Foam"
"GOBP-CELLULAR-RESPONSE-TO-STEROL",3.99578496272083e-55,-1.31024659971544,1,1,2.52933188140229e-52,"Foam"
"GOBP-RECEPTOR-MEDIATED-ENDOCYTOSIS-INVOLVED-IN-CHOLESTEROL-TRANSPORT",3.80708534134478e-17,-1.30425455988398,1,1,2.40988502107124e-14,"Foam"
"GOBP-POSITIVE-REGULATION-OF-LOW-DENSITY-LIPOPROTEIN-RECEPTOR-ACTIVITY",3.72997940664617e-30,1.30167801748879,1,1,2.36107696440703e-27,"Foam"
"GOBP-NEGATIVE-REGULATION-OF-CHOLESTEROL-EFFLUX",4.27262037257951e-18,-1.28827503149264,1,1,2.70456869584283e-15,"Foam"
"GOMF-PHOSPHATIDYLCHOLINE-STEROL-O-ACYLTRANSFERASE-ACTIVATOR-ACTIVITY",5.28678512363375e-31,-1.27619027337721,1,1,3.34653498326016e-28,"Foam"
"GOBP-POSITIVE-REGULATION-OF-CHOLESTEROL-ESTERIFICATION",2.9551809419849e-31,-1.24724982078539,1,1,1.87062953627644e-28,"Foam"
"GOBP-TRIGLYCERIDE-RICH-LIPOPROTEIN-PARTICLE-CLEARANCE",3.97525518386847e-30,-1.24106475953738,1,1,2.51633653138874e-27,"Foam"
"GOBP-REGULATION-OF-PHOSPHOLIPID-CATABOLIC-PROCESS",3.68952167872397e-55,-1.19366598055446,1,1,2.33546722263227e-52,"Foam"
"GOMF-HEPARAN-SULFATE-GLUCOSAMINE-3-SULFOTRANSFERASE-1-ACTIVITY",7.64850506659976e-33,1.18334492752301,1,1,4.84150370715765e-30,"Foam"
"GOBP-STEROID-CATABOLIC-PROCESS",1.07446998984044e-55,-1.17088696963753,1,1,6.80139503568999e-53,"Foam"
"GOBP-VERY-LOW-DENSITY-LIPOPROTEIN-PARTICLE-CLEARANCE",2.22945588255594e-27,-1.16364076564406,1,1,1.41124557365791e-24,"Foam"
"GOBP-POSITIVE-REGULATION-OF-TRIGLYCERIDE-BIOSYNTHETIC-PROCESS",3.46584239855451e-52,-1.14104208227232,1,1,2.193878238285e-49,"Foam"
"GOBP-STEROL-IMPORT",3.35004227227151e-51,-1.13730582508736,1,1,2.12057675834787e-48,"Foam"
"GOMF-HIGH-DENSITY-LIPOPROTEIN-PARTICLE-BINDING",7.50011806497184e-53,-1.11412350310082,1,1,4.74757473512717e-50,"Foam"
"GOBP-NEGATIVE-REGULATION-OF-STEROL-TRANSPORT",3.14013603475423e-25,-1.10325419869693,1,1,1.98770610999943e-22,"Foam"
"GOBP-REGULATION-OF-MESODERMAL-CELL-FATE-SPECIFICATION",5.17344261748109e-09,-1.10044170021448,1,1,3.27478917686553e-06,"Foam"
"WP-LIPID-PARTICLES-COMPOSITION",4.388614447935e-28,-1.08058031676282,1,1,2.77799294554286e-25,"Foam"
"GOBP-TRIGLYCERIDE-RICH-LIPOPROTEIN-PARTICLE-REMODELING",4.44587683831883e-22,-1.06990210403387,1,1,2.81424003865582e-19,"Foam"
"GOBP-LOW-DENSITY-LIPOPROTEIN-RECEPTOR-PARTICLE-METABOLIC-PROCESS",1.86536557926261e-19,-1.05489940504625,1,1,1.18077641167323e-16,"Foam"
"GOBP-HIGH-DENSITY-LIPOPROTEIN-PARTICLE-REMODELING",2.72334071881955e-48,-1.03525118310628,1,1,1.72387467501277e-45,"Foam"
"WP-CLASSICAL-PATHWAY-OF-STEROIDOGENESIS-WITH-GLUCOCORTICOID-AND-MINERALOCORTICOID-METABOLISM",1.2053079605204e-48,-1.03078667567964,1,1,7.62959939009416e-46,"Foam"
"GOCC-TRIGLYCERIDE-RICH-PLASMA-LIPOPROTEIN-PARTICLE",2.86576043951227e-20,-1.01696461905224,1,1,1.81402635821126e-17,"Foam"
"GOBP-REGULATION-OF-CELL-FATE-SPECIFICATION",3.50466741309067e-09,-1.01478592574633,1,1,2.21845447248639e-06,"Foam"
"KEGG-STEROID-HORMONE-BIOSYNTHESIS",2.75356340594575e-40,-1.00815165286434,1,1,1.74300563596366e-37,"Foam"
"GOBP-NEGATIVE-REGULATION-OF-CHOLESTEROL-METABOLIC-PROCESS",5.20810604677192e-20,-0.980369933368865,1,1,3.29673112760663e-17,"Foam"
"GOBP-REGULATION-OF-LIPOPROTEIN-PARTICLE-CLEARANCE",6.48430069279704e-21,-0.9776787310382,1,1,4.10456233854053e-18,"Foam"
"GOBP-PROTEIN-TRANSPORT-WITHIN-LIPID-BILAYER",8.52013395236717e-32,0.972835387825142,1,1,5.39324479184842e-29,"Foam"
"REACTOME-METABOLISM-OF-LIPIDS",4.6042988668632e-05,-0.967970681161296,1,1,0.0291452118272441,"Foam"
"GOBP-DETECTION-OF-BACTERIAL-LIPOPROTEIN",5.73549808487772e-14,-0.950806994079351,1,1,3.6305702877276e-11,"Foam"
"GOBP-REGULATION-OF-LOW-DENSITY-LIPOPROTEIN-PARTICLE-CLEARANCE",3.37418469029303e-16,-0.92672169825299,1,1,2.13585890895549e-13,"Foam"
"GOBP-3-PHOSPHOADENOSINE-5-PHOSPHOSULFATE-BIOSYNTHETIC-PROCESS",1.77046959238091e-18,-0.900263106470917,1,1,1.12070725197712e-15,"Foam"
"GOMF-OXYSTEROL-BINDING",5.13138842221506e-15,-0.889360116183259,1,1,3.24816887126213e-12,"Foam"
"GOBP-PROTEIN-SULFATION",8.64227685648076e-26,0.850607336190162,1,1,5.47056125015232e-23,"Foam"
"WP-FAMILIAL-HYPERLIPIDEMIA-TYPE-3",1.21611899914091e-39,-0.837342356694735,1,1,7.69803326456198e-37,"Foam"
"GOBP-POSITIVE-REGULATION-OF-TRIGLYCERIDE-METABOLIC-PROCESS",4.67352178111631e-34,-0.837172541290652,1,1,2.95833928744662e-31,"Foam"
"GOMF-LONG-CHAIN-FATTY-ACID-BINDING",4.14961334101251e-25,0.810112411635149,1,1,2.62670524486092e-22,"Foam"
"REACTOME-GLYCEROPHOSPHOLIPID-CATABOLISM",6.84415286850979e-07,0.792016355896691,1,1,0.00043323487657667,"Foam"
"GOBP-FATTY-ACID-METABOLIC-PROCESS",4.59731574267621e-07,-0.785789498067386,1,1,0.000291010086511404,"Foam"
"REACTOME-LYSOSPHINGOLIPID-AND-LPA-RECEPTORS",3.57418700371088e-18,0.784543112510391,1,1,2.26246037334899e-15,"Foam"
"REACTOME-CHOLESTEROL-BIOSYNTHESIS",7.30082320575953e-22,-0.771918593664461,1,1,4.62142108924578e-19,"Foam"
"REACTOME-METABOLISM-OF-STEROID-HORMONES",2.75841735876234e-28,-0.740072613546119,1,1,1.74607818809656e-25,"Foam"
"GOMF-FATTY-ACID-TRANSMEMBRANE-TRANSPORTER-ACTIVITY",3.51971864425882e-10,0.725312734427435,1,1,2.22798190181583e-07,"Foam"
"GOBP-REGULATION-OF-CELL-FATE-COMMITMENT",5.36813559385014e-06,-0.702103088011803,1,1,0.00339802983090714,"Foam"
"GOBP-MYOBLAST-FATE-COMMITMENT",9.10153726107022e-17,0.698811418338184,1,1,5.76127308625745e-14,"Foam"
"GOMF-3-PHOSPHOADENOSINE-5-PHOSPHOSULFATE-BINDING",2.48892736711695e-09,-0.696369291536624,1,1,1.57549102338503e-06,"Foam"
"GOBP-NEGATIVE-REGULATION-OF-FATTY-ACID-OXIDATION",3.26128709496122e-22,0.689080189322272,1,1,2.06439473111045e-19,"Foam"
"GOBP-FATTY-ACID-HOMEOSTASIS",2.30086759324202e-14,-0.673063695422557,1,1,1.4564491865222e-11,"Foam"
"GOBP-REGULATION-OF-TRIGLYCERIDE-BIOSYNTHETIC-PROCESS",1.96591886684817e-23,-0.667959134428184,1,1,1.24442664271489e-20,"Foam"
"HP-ABNORMAL-CIRCULATING-LIPID-CONCENTRATION",4.43353588744735e-05,-0.645716172159575,1,1,0.0280642821675417,"Foam"
"GOBP-POSITIVE-REGULATION-OF-CHOLESTEROL-STORAGE",1.18372772220278e-33,-0.642303131922684,1,1,7.49299648154362e-31,"Foam"
"GOBP-POSITIVE-REGULATION-OF-CHOLESTEROL-BIOSYNTHETIC-PROCESS",1.57493359781453e-10,0.639854631562112,1,1,9.96932967416595e-08,"Foam"
"GOBP-MEDIUM-CHAIN-FATTY-ACYL-COA-METABOLIC-PROCESS",1.32445188692958e-07,0.638447666780754,1,1,8.38378044426427e-05,"Foam"
"GOBP-CELL-FATE-COMMITMENT",3.42864914756833e-05,-0.62402493884111,1,1,0.0217033491041075,"Foam"
"GOBP-NEGATIVE-REGULATION-OF-STEROID-METABOLIC-PROCESS",1.84194677397646e-08,-0.622217238427263,1,1,1.1659523079271e-05,"Foam"
"GOMF-HEPARAN-SULFATE-SULFOTRANSFERASE-ACTIVITY",1.06748286399122e-20,0.610257405260554,1,1,6.75716652906442e-18,"Foam"
"GOBP-REGULATION-OF-PHOSPHOLIPID-TRANSPORT",2.94676079663484e-08,-0.608979992284722,1,1,1.86529958426986e-05,"Foam"
"WP-STEROID-BIOSYNTHESIS",1.60931632058968e-18,-0.607790988394625,1,1,1.01869723093327e-15,"Foam"
"HP-APNEIC-EPISODES-PRECIPITATED-BY-ILLNESS-FATIGUE-STRESS",4.88176620235975e-08,0.59669089477671,1,1,3.09015800609373e-05,"Foam"
"GOBP-POSITIVE-REGULATION-OF-CHOLESTEROL-METABOLIC-PROCESS",8.14251340806341e-11,0.591083513825509,1,1,5.15421098730414e-08,"Foam"
"GOBP-VERY-LOW-DENSITY-LIPOPROTEIN-PARTICLE-ASSEMBLY",1.17317637856813e-10,-0.58626186381622,1,1,7.42620647633625e-08,"Foam"
"GOBP-REGULATION-OF-CHOLESTEROL-ESTERIFICATION",1.52625658119277e-08,-0.581481411739039,1,1,9.66120415895023e-06,"Foam"
"GOBP-FAT-CELL-DIFFERENTIATION",3.53971755002987e-06,-0.57619946913108,1,1,0.00224064120916891,"Foam"
"GOBP-MEMBRANE-LIPID-METABOLIC-PROCESS",3.46402107589288e-05,-0.563963128467639,1,1,0.021927253410402,"Foam"
"GOBP-STEROID-ESTERIFICATION",6.81532673334018e-11,-0.555895366520601,1,1,4.31410182220433e-08,"Foam"
"GOBP-LIPID-MODIFICATION",2.41349357555325e-08,-0.547817421423397,1,1,1.52774143332521e-05,"Foam"
"GOBP-CELLULAR-RESPONSE-TO-OXIDISED-LOW-DENSITY-LIPOPROTEIN-PARTICLE-STIMULUS",1.77698017719221e-07,0.539721123623056,1,1,0.000112482845216267,"Foam"
"WP-MEVALONATE-ARM-OF-CHOLESTEROL-BIOSYNTHESIS-PATHWAY",1.21957841363061e-07,-0.53318687326026,1,1,7.71993135828174e-05,"Foam"
"WP-CHOLESTEROL-BIOSYNTHESIS-PATHWAY",3.22875748046052e-09,-0.524663134186644,1,1,2.04380348513151e-06,"Foam"
"GOBP-NEGATIVE-REGULATION-OF-SEQUESTERING-OF-TRIGLYCERIDE",3.04923909415625e-14,0.511533025328649,1,1,1.9301683466009e-11,"Foam"
"GOBP-STEROID-HORMONE-SECRETION",9.1445948064716e-10,-0.510065113166176,1,1,5.78852851249652e-07,"Foam"
"GOBP-CORTICOSTEROID-HORMONE-SECRETION",4.51689659399848e-10,-0.495058313724156,1,1,2.85919554400104e-07,"Foam"
"GOBP-C21-STEROID-HORMONE-METABOLIC-PROCESS",9.0560423937621e-13,-0.492853987224613,1,1,5.73247483525141e-10,"Foam"
"GOBP-NEGATIVE-REGULATION-OF-LIPID-TRANSPORT",4.26597802027057e-06,-0.491102956791361,1,1,0.00270036408683127,"Foam"
"GOMF-BIOACTIVE-LIPID-RECEPTOR-ACTIVITY",8.01020614841602e-11,0.478700922806678,1,1,5.07046049194734e-08,"Foam"
"WP-DIFFERENTIATION-OF-WHITE-AND-BROWN-ADIPOCYTE",7.94043545437104e-19,0.478181673263993,1,1,5.02629564261687e-16,"Foam"
"GOBP-CELLULAR-RESPONSE-TO-STEROL-DEPLETION",3.00385192816802e-10,-0.476865559364497,1,1,1.90143827053036e-07,"Foam"
"REACTOME-FATTY-ACID-METABOLISM",1.85191827315463e-08,-0.474047256472558,1,1,1.17226426690688e-05,"Foam"
"GOBP-CARDIAC-MUSCLE-CELL-FATE-COMMITMENT",9.78053978733513e-12,-0.467211801524444,1,1,6.19108168538314e-09,"Foam"
"GOBP-SPHINGOLIPID-METABOLIC-PROCESS",5.98831759507369e-05,-0.461804200252486,1,1,0.0379060503768165,"Foam"
"GOBP-CARDIAC-CELL-FATE-COMMITMENT",1.05820103649765e-09,-0.461003369042579,1,1,6.69841256103012e-07,"Foam"
"GOBP-LIPID-EXPORT-FROM-CELL",1.31387889061273e-05,-0.447883274801981,1,1,0.00831685337757855,"Foam"
"HALLMARK-FATTY-ACID-METABOLISM",6.3702253973019e-06,-0.446454421154392,1,1,0.0040323526764921,"Foam"
"GOMF-LIPID-TRANSPORTER-ACTIVITY",5.68711299256296e-05,-0.438941892657241,1,1,0.0359994252429235,"Foam"
"HP-FATIGUABLE-WEAKNESS-OF-PROXIMAL-LIMB-MUSCLES",2.2642291637601e-10,0.43212345806271,1,1,1.43325706066015e-07,"Foam"
"GOBP-STEROID-HORMONE-BIOSYNTHETIC-PROCESS",1.95485516333064e-08,-0.431661935894542,1,1,1.2374233183883e-05,"Foam"
"REACTOME-METABOLISM-OF-STEROIDS",1.14082714367937e-06,-0.430730131003535,1,1,0.00072214358194904,"Foam"
"GOBP-RESPONSE-TO-CORTICOSTEROID",1.20019340193467e-06,-0.429208244968619,1,1,0.000759722423424647,"Foam"
"GOBP-C21-STEROID-HORMONE-BIOSYNTHETIC-PROCESS",1.44377434819619e-09,-0.425232956558826,1,1,9.13909162408188e-07,"Foam"
"GOBP-FATTY-ACID-BIOSYNTHETIC-PROCESS",4.894682707536e-07,-0.421552408538449,1,1,0.000309833415387029,"Foam"
"GOBP-REGULATION-OF-PHOSPHOLIPID-METABOLIC-PROCESS",3.91322582538843e-08,-0.418673735008188,1,1,2.47707194747087e-05,"Foam"
"GOBP-MUSCLE-CELL-FATE-COMMITMENT",1.42506855682431e-13,-0.395016324231478,1,1,9.0206839646979e-11,"Foam"
"GOBP-REGULATION-OF-FAT-CELL-DIFFERENTIATION",1.01403682788647e-05,-0.387242288432465,1,1,0.00641885312052136,"Foam"
"REACTOME-GLYCEROPHOSPHOLIPID-BIOSYNTHESIS",5.38047201261729e-05,-0.385898559270553,1,1,0.0340583878398675,"Foam"
"GOBP-LIPOPROTEIN-METABOLIC-PROCESS",8.61761048833236e-08,-0.381096346811956,1,1,5.45494743911438e-05,"Foam"
"GOBP-SPHINGOLIPID-TRANSLOCATION",4.87201843624322e-14,0.372033401683107,1,1,3.08398767014196e-11,"Foam"
"GOBP-GLYCOLIPID-CATABOLIC-PROCESS",1.36569537429482e-06,0.365322627973813,1,1,0.000864485171928621,"Foam"
"HP-LIPID-ACCUMULATION-IN-HEPATOCYTES",4.96759907774346e-09,-0.357302807129908,1,1,3.14449021621161e-06,"Foam"
"GOBP-REGULATION-OF-TRIGLYCERIDE-METABOLIC-PROCESS",2.63932669174836e-05,-0.351840145984343,1,1,0.0167069379587671,"Foam"
"GOBP-POSITIVE-REGULATION-OF-SEQUESTERING-OF-TRIGLYCERIDE",9.51686721962497e-07,0.344708706314919,1,1,0.000602417695002261,"Foam"
"GOBP-REGULATION-OF-SEQUESTERING-OF-TRIGLYCERIDE",2.07216921363684e-13,0.334079453821115,1,1,1.31168311223212e-10,"Foam"
"KEGG-GLYCOSAMINOGLYCAN-BIOSYNTHESIS-KERATAN-SULFATE",4.15709188350769e-12,0.332301502749814,1,1,2.63143916226037e-09,"Foam"
"WP-GENES-TARGETED-BY-MIRNAS-IN-ADIPOCYTES",9.9053060407053e-06,-0.329930778432316,1,1,0.00627005872376645,"Foam"
"GOBP-SULFATION",5.48123753843634e-18,0.322579352561847,1,1,3.4696233618302e-15,"Foam"
"GOBP-LONG-CHAIN-FATTY-ACID-IMPORT-ACROSS-PLASMA-MEMBRANE",5.58151364779125e-08,0.322484119568502,1,1,3.53309813905186e-05,"Foam"
"GOMF-LIPOPROTEIN-PARTICLE-RECEPTOR-ACTIVITY",6.26416720927687e-12,-0.321835160654795,1,1,3.96521784347226e-09,"Foam"
"HP-HYPERLIPIDEMIA",1.20772931897129e-05,-0.311773137393528,1,1,0.00764492658908828,"Foam"
"GOMF-APOLIPOPROTEIN-A-I-BINDING",1.14758130017526e-07,-0.305150721524647,1,1,7.2641896301094e-05,"Foam"
"GOBP-REGULATION-OF-FATTY-ACID-BETA-OXIDATION",6.2745555919089e-11,0.304803755314031,1,1,3.97179368967833e-08,"Foam"
"GOBP-NEGATIVE-REGULATION-OF-LIPID-CATABOLIC-PROCESS",1.23339429333321e-13,0.304585738658244,1,1,7.80738587679924e-11,"Foam"
"GARGALOVIC-RESPONSE-TO-OXIDIZED-PHOSPHOLIPIDS-LIGHTGREEN-DN",1.35188452331075e-05,0.303188890034111,1,1,0.00855742903255704,"Foam"
"REACTOME-REGULATION-OF-LIPID-METABOLISM-BY-PPARALPHA",3.18399434897653e-10,-0.300658738596044,1,1,2.01546842290214e-07,"Foam"
"GARGALOVIC-RESPONSE-TO-OXIDIZED-PHOSPHOLIPIDS-LIGHTYELLOW-UP",2.39428282099995e-07,0.297665989870103,1,1,0.000151558102569297,"Foam"
"GOBP-NEGATIVE-REGULATION-OF-LIPID-METABOLIC-PROCESS",2.79607989289833e-07,-0.296054211787486,1,1,0.000176991857220464,"Foam"
"REACTOME-FATTY-ACIDS-BOUND-TO-GPR40-FFAR1-REGULATE-INSULIN-SECRETION",9.63986489922161e-07,-0.294616601719274,1,1,0.000610203448120728,"Foam"
"WP-METABOLISM-OF-SPINGOLIPIDS-IN-ER-AND-GOLGI-APPARATUS",5.71130868691507e-08,0.294569313667465,1,1,3.61525839881724e-05,"Foam"
"GOBP-SEQUESTERING-OF-TRIGLYCERIDE",4.78835579481911e-13,0.293777078937437,1,1,3.0310292181205e-10,"Foam"
"KEGG-GLYCOSPHINGOLIPID-BIOSYNTHESIS-LACTO-AND-NEOLACTO-SERIES",1.52576694486686e-06,0.291047976999869,1,1,0.000965810476100724,"Foam"
"GOBP-LONG-CHAIN-FATTY-ACID-METABOLIC-PROCESS",1.08978241348405e-05,-0.288263391012037,1,1,0.00689832267735402,"Foam"
"GOMF-LONG-CHAIN-FATTY-ACID-TRANSPORTER-ACTIVITY",2.10787318819451e-06,0.287474005766634,1,1,0.00133428372812712,"Foam"
"HP-ABNORMAL-CIRCULATING-CHOLESTEROL-CONCENTRATION",2.05339010377413e-07,-0.286524543689015,1,1,0.000129979593568902,"Foam"
"GARGALOVIC-RESPONSE-TO-OXIDIZED-PHOSPHOLIPIDS-YELLOW-UP",5.54096156908813e-27,0.286197365578496,1,1,3.50742867323278e-24,"Foam"
"GOMF-APOLIPOPROTEIN-BINDING",1.50955678038458e-06,-0.283051793051069,1,1,0.000955549441983441,"Foam"
"KEGG-GLYCOSAMINOGLYCAN-BIOSYNTHESIS-HEPARAN-SULFATE",1.23840623640981e-16,0.281251235937557,1,1,7.83911147647408e-14,"Foam"
"GOBP-NEGATIVE-REGULATION-OF-CHOLESTEROL-STORAGE",1.0971182142347e-10,0.279639818184002,1,1,6.94475829610567e-08,"Foam"
"KEGG-STEROID-BIOSYNTHESIS",7.66173112850227e-05,-0.27342946977188,1,1,0.0484987580434194,"Foam"
"GOBP-FATTY-ACID-CATABOLIC-PROCESS",1.12079491802818e-08,-0.270693376853829,1,1,7.09463183111839e-06,"Foam"
"GARGALOVIC-RESPONSE-TO-OXIDIZED-PHOSPHOLIPIDS-TAN-DN",5.84930544092302e-07,0.269732401536307,1,1,0.000370261034410427,"Foam"
"WP-FATTY-ACID-TRANSPORTERS",3.43715955831346e-08,0.264969080549611,1,1,2.17572200041242e-05,"Foam"
"WP-FATTY-ACID-BIOSYNTHESIS",3.53833337712071e-10,0.264439976141027,1,1,2.23976502771741e-07,"Foam"
"GOMF-LYSOPHOSPHOLIPID-ACYLTRANSFERASE-ACTIVITY",1.62205807665587e-08,0.263822643201328,1,1,1.02676276252317e-05,"Foam"
"GOBP-LIPOPROTEIN-BIOSYNTHETIC-PROCESS",4.91877311149804e-07,-0.257718910568309,1,1,0.000311358337957826,"Foam"
"GOMF-LIPID-PHOSPHATASE-ACTIVITY",2.58671783490467e-05,0.243445196984801,1,1,0.0163739238949466,"Foam"
"GOMF-PROTEIN-LIPID-COMPLEX-BINDING",1.99249994325203e-05,-0.242695850143405,1,1,0.0126125246407854,"Foam"
"GOBP-CELLULAR-RESPONSE-TO-FATTY-ACID",7.14777491645367e-19,0.242172257945898,1,1,4.52454152211517e-16,"Foam"
"GOBP-LIPID-OXIDATION",1.63106568090584e-14,-0.233873593276803,1,1,1.0324645760134e-11,"Foam"
"GOBP-LIPID-IMPORT-INTO-CELL",6.93786515265469e-08,0.229888264965966,1,1,4.39166864163042e-05,"Foam"
"REACTOME-TRANSCRIPTIONAL-REGULATION-OF-WHITE-ADIPOCYTE-DIFFERENTIATION",1.58026521531635e-05,-0.228177130783343,1,1,0.0100030788129525,"Foam"
"GOBP-PHOSPHOLIPID-HOMEOSTASIS",1.19560673576674e-08,0.227977449329436,1,1,7.56819063740348e-06,"Foam"
"GOMF-PHOSPHOLIPID-SCRAMBLASE-ACTIVITY",1.97535624500579e-06,0.222580325534142,1,1,0.00125040050308866,"Foam"
"REACTOME-CALCINEURIN-ACTIVATES-NFAT",3.79120238612405e-08,0.219821136570761,1,1,2.39983111041653e-05,"Foam"
"GOBP-REGULATION-OF-PLASMA-LIPOPROTEIN-PARTICLE-LEVELS",6.07068946198955e-06,-0.219744134593532,1,1,0.00384274642943939,"Foam"
"GOMF-LOW-DENSITY-LIPOPROTEIN-PARTICLE-BINDING",6.05019206098688e-07,-0.218535525230231,1,1,0.00038297715746047,"Foam"
"REACTOME-SPHINGOLIPID-METABOLISM",8.10232019507408e-08,-0.213725820552242,1,1,5.12876868348189e-05,"Foam"
"GARGALOVIC-RESPONSE-TO-OXIDIZED-PHOSPHOLIPIDS-CYAN-UP",2.41097496902961e-08,0.210458789253367,1,1,1.52614715539574e-05,"Foam"
"GOBP-LIPOPROTEIN-LOCALIZATION",1.24936970753117e-15,0.203212106892474,1,1,7.90851024867229e-13,"Foam"
"HP-HYPERTRIGLYCERIDEMIA",8.13846107328696e-07,-0.200622582432771,1,1,0.000515164585939064,"Foam"
"GOBP-FAT-SOLUBLE-VITAMIN-METABOLIC-PROCESS",2.32873959993826e-16,0.200376132748504,1,1,1.47409216676092e-13,"Foam"
"HP-CHRONIC-FATIGUE",8.82143215160362e-10,0.199304538807446,1,1,5.58396655196509e-07,"Foam"
"GARGALOVIC-RESPONSE-TO-OXIDIZED-PHOSPHOLIPIDS-GREY-DN",9.65191653525056e-06,-0.194479986709131,1,1,0.00610966316681361,"Foam"
"REACTOME-KERATAN-SULFATE-BIOSYNTHESIS",1.00499231406582e-06,0.189666994649017,1,1,0.000636160134803664,"Foam"
"GOBP-REGULATION-OF-FATTY-ACID-OXIDATION",3.8227162843699e-22,0.188618512205072,1,1,2.41977940800614e-19,"Foam"
"GOBP-FATTY-ACID-TRANSMEMBRANE-TRANSPORT",1.80069329398462e-05,0.179602512824587,1,1,0.0113983885509226,"Foam"
"HP-HYPOCHOLESTEROLEMIA",1.30792557898972e-08,0.176280575041162,1,1,8.27916891500491e-06,"Foam"
"KEGG-GLYCEROPHOSPHOLIPID-METABOLISM",6.0819483301516e-06,-0.173253347105609,1,1,0.00384987329298596,"Foam"
"GOBP-REGULATION-OF-INTRACELLULAR-STEROID-HORMONE-RECEPTOR-SIGNALING-PATHWAY",3.9088428982205e-06,-0.171436042319187,1,1,0.00247429755457358,"Foam"
"GOBP-FATTY-ACID-BETA-OXIDATION",1.53152139188709e-07,-0.170997602566394,1,1,9.69453041064531e-05,"Foam"
"HP-EASY-FATIGABILITY",9.76610627464331e-08,-0.168922946862504,1,1,6.18194527184922e-05,"Foam"
"GOBP-REGULATION-OF-FATTY-ACID-METABOLIC-PROCESS",1.73679416904034e-12,-0.168703333234327,1,1,1.09939070900254e-09,"Foam"
"HP-INCREASED-MUSCLE-LIPID-CONTENT",4.94980423122995e-11,0.165565339279736,1,1,3.13322607836856e-08,"Foam"
"GARGALOVIC-RESPONSE-TO-OXIDIZED-PHOSPHOLIPIDS-YELLOW-DN",6.97619984018867e-07,0.159773482891389,1,1,0.000441593449883943,"Foam"
"GOMF-GLYCOSPHINGOLIPID-BINDING",2.55494348766859e-05,0.159198910875855,1,1,0.0161727922769422,"Foam"
"KEGG-ETHER-LIPID-METABOLISM",2.74924042217262e-11,0.146704000681219,1,1,1.74026918723527e-08,"Foam"
"HP-FATIGABLE-WEAKNESS-OF-RESPIRATORY-MUSCLES",2.11542279486099e-05,-0.142218107581225,1,1,0.0133906262914701,"Foam"
"HP-HYPERCHOLESTEROLEMIA",6.04821531085416e-06,-0.138509143566921,1,1,0.00382852029177069,"Foam"
"GOBP-POSITIVE-REGULATION-OF-BROWN-FAT-CELL-DIFFERENTIATION",2.28036682104384e-05,0.137320453030375,1,1,0.0144347219772075,"Foam"
"GOBP-NEGATIVE-REGULATION-OF-LIPID-STORAGE",7.12461461696822e-08,0.133111193158097,1,1,4.50988105254089e-05,"Foam"
"REACTOME-ABC-TRANSPORTERS-IN-LIPID-HOMEOSTASIS",6.3212863251882e-05,0.131942844267023,1,1,0.0400137424384413,"Foam"
"HP-ABNORMAL-CIRCULATING-FATTY-ACID-CONCENTRATION",3.72347067518511e-05,-0.128988247824729,1,1,0.0235695693739217,"Foam"
"GOBP-HEPARAN-SULFATE-PROTEOGLYCAN-BIOSYNTHETIC-PROCESS",9.70868966840687e-10,0.120428542598225,1,1,6.14560056010155e-07,"Foam"
"GOBP-NEGATIVE-REGULATION-OF-FATTY-ACID-METABOLIC-PROCESS",2.93726960528515e-12,0.120118637237808,1,1,1.8592916601455e-09,"Foam"
"PID-LYSOPHOSPHOLIPID-PATHWAY",8.20685686002245e-09,-0.118615939243297,1,1,5.19494039239421e-06,"Foam"
"GOBP-STEROL-BIOSYNTHETIC-PROCESS",1.21143271557987e-05,-0.117413676306178,1,1,0.00766836908962058,"Foam"
"REACTOME-KERATAN-SULFATE-KERATIN-METABOLISM",7.71817881991889e-06,0.110563512973002,1,1,0.00488560719300866,"Foam"
"WP-NUCLEAR-RECEPTORS-IN-LIPID-METABOLISM-AND-TOXICITY",9.39944672139253e-11,0.11018007650032,1,1,5.94984977464147e-08,"Foam"
"GOBP-HEPARAN-SULFATE-PROTEOGLYCAN-METABOLIC-PROCESS",2.10923692846409e-10,0.101859525770987,1,1,1.33514697571777e-07,"Foam"
"GARGALOVIC-RESPONSE-TO-OXIDIZED-PHOSPHOLIPIDS-BLUE-DN",7.87117130369669e-07,-0.100338948017781,1,1,0.000498245143524001,"Foam"
"GOBP-CELLULAR-RESPONSE-TO-CORTICOSTEROID-STIMULUS",1.05662402021004e-06,-0.0994951883951734,1,1,0.000668843004792956,"Foam"
"HP-HYPOLIPOPROTEINEMIA",7.68473179699091e-09,0.0991313600041899,1,1,4.86443522749525e-06,"Foam"
"HP-FATIGABLE-WEAKNESS-OF-BULBAR-MUSCLES",1.24262436529123e-06,-0.0973029918743471,1,1,0.000786581223229349,"Foam"
"HP-ABNORMAL-HDL-CHOLESTEROL-CONCENTRATION",6.87021192641872e-07,0.0957926999879604,1,1,0.000434884414942305,"Foam"
"GOBP-POSITIVE-REGULATION-OF-FAT-CELL-DIFFERENTIATION",4.41315458161955e-12,-0.0902216727846472,1,1,2.79352685016518e-09,"Foam"
"BIOCARTA-NFAT-PATHWAY",2.51947168546808e-06,-0.0886197653220622,1,1,0.0015948255769013,"Foam"
"GOBP-REGULATION-OF-BROWN-FAT-CELL-DIFFERENTIATION",9.16197485979107e-06,0.0884212581568056,1,1,0.00579953008624774,"Foam"
"GOBP-VERY-LONG-CHAIN-FATTY-ACID-METABOLIC-PROCESS",1.68855644412647e-06,0.0847211103102072,1,1,0.00106885622913205,"Foam"
"GARGALOVIC-RESPONSE-TO-OXIDIZED-PHOSPHOLIPIDS-GREEN-DN",6.70728786932811e-05,0.0814481787159211,1,1,0.0424571322128469,"Foam"
"GOBP-PLASMA-MEMBRANE-PHOSPHOLIPID-SCRAMBLING",1.73771105376098e-05,0.0810303547952902,1,1,0.010999710970307,"Foam"
"REACTOME-SYNTHESIS-OF-BILE-ACIDS-AND-BILE-SALTS-VIA-7ALPHA-HYDROXYCHOLESTEROL",8.89568646804745e-08,0.0807886281988646,1,1,5.63096953427404e-05,"Foam"
"REACTOME-CLEC7A-DECTIN-1-INDUCES-NFAT-ACTIVATION",5.55364581524438e-05,0.0796804202690531,1,1,0.0351545780104969,"Foam"
"REACTOME-HEPARAN-SULFATE-HEPARIN-HS-GAG-METABOLISM",4.37468608116805e-18,0.0764657355888181,1,1,2.76917628937937e-15,"Foam"
"GOMF-LOW-DENSITY-LIPOPROTEIN-PARTICLE-RECEPTOR-BINDING",2.28152660071659e-05,0.0752271934496553,1,1,0.014442063382536,"Foam"
"HP-FATIGABLE-WEAKNESS-OF-SKELETAL-MUSCLES",3.56817604531015e-06,0.0711702182818392,1,1,0.00225865543668133,"Foam"
"GOBP-PROTEIN-LIPID-COMPLEX-ASSEMBLY",5.65650269896728e-06,0.0688501031322044,1,1,0.00358056620844629,"Foam"
"GOBP-RESPONSE-TO-FATTY-ACID",4.78812364376273e-09,-0.0687748938335817,1,1,3.03088226650181e-06,"Foam"
"HP-ABNORMALITY-OF-LIPOPROTEIN-CHOLESTEROL-CONCENTRATION",1.66633142159795e-06,-0.0685673132160582,1,1,0.0010547877898715,"Foam"
"GOMF-SPHINGOLIPID-BINDING",1.57372813567195e-05,0.068299658860516,1,1,0.00996169909880347,"Foam"
"HALLMARK-CHOLESTEROL-HOMEOSTASIS",3.99374630458683e-15,-0.0668345843157629,1,1,2.52804141080347e-12,"Foam"
"GOMF-GLYCOLIPID-BINDING",3.44483847211116e-05,0.065533876632343,1,1,0.0218058275284636,"Foam"
"GOMF-FATTY-ACID-BINDING",3.89536811459559e-09,0.0653580648480716,1,1,2.46576801653901e-06,"Foam"
"GOBP-REGULATION-OF-MEMBRANE-LIPID-DISTRIBUTION",1.58115557935909e-11,-0.0648203396081914,1,1,1.0008714817343e-08,"Foam"
"GOMF-PHOSPHOLIPID-TRANSPORTER-ACTIVITY",1.15171491052624e-09,-0.0646156439658032,1,1,7.29035538363109e-07,"Foam"
"GOBP-BROWN-FAT-CELL-DIFFERENTIATION",3.71393777512304e-06,-0.0645313368556444,1,1,0.00235092261165289,"Foam"
"WP-GLYCEROPHOSPHOLIPID-BIOSYNTHETIC-PATHWAY",2.76294544972079e-05,0.0589013500236772,1,1,0.0174894446967326,"Foam"
"WP-LIPID-METABOLISM-PATHWAY",4.2685456285634e-05,0.0555433561130396,1,1,0.0270198938288063,"Foam"
"KEGG-GLYCEROLIPID-METABOLISM",4.97050918062316e-05,-0.0538435339153702,1,1,0.0314633231133446,"Foam"
"GOBP-FATTY-ACYL-COA-METABOLIC-PROCESS",3.32087588452371e-07,0.0530354334203302,1,1,0.000210211443490351,"Foam"
"REACTOME-REGULATION-OF-CHOLESTEROL-BIOSYNTHESIS-BY-SREBP-SREBF",1.87923885989675e-10,-0.0511865561150646,1,1,1.18955819831464e-07,"Foam"
"URS-ADIPOCYTE-DIFFERENTIATION-UP",1.21326993482476e-13,-0.0484562703002211,1,1,7.67999868744072e-11,"Foam"
"GOBP-LONG-CHAIN-FATTY-ACID-BIOSYNTHETIC-PROCESS",2.28307130455675e-05,0.0458492204294538,1,1,0.0144518413578442,"Foam"
"GOBP-LIPID-TRANSLOCATION",9.48586904303852e-11,-0.0449911583771136,1,1,6.00455510424338e-08,"Foam"
"GOBP-POSITIVE-REGULATION-OF-CHOLESTEROL-EFFLUX",1.29059472323776e-05,0.0443702103980073,1,1,0.00816946459809504,"Foam"
"WP-SPHINGOLIPID-METABOLISM-INTEGRATED-PATHWAY",4.61825788000856e-05,0.0436517801223726,1,1,0.0292335723804542,"Foam"
"GOBP-MEMBRANE-LIPID-CATABOLIC-PROCESS",4.33918006942201e-06,0.042257928308385,1,1,0.00274670098394413,"Foam"
"GOBP-PHOSPHOLIPID-DEPHOSPHORYLATION",6.33179586693726e-05,-0.0421609442863513,1,1,0.0400802678377129,"Foam"
"GARGALOVIC-RESPONSE-TO-OXIDIZED-PHOSPHOLIPIDS-BLACK-UP",3.5656799089415e-06,0.0408534639914597,1,1,0.00225707538235997,"Foam"
"PID-NFAT-3PATHWAY",4.92970036864563e-12,-0.0369468923568537,1,1,3.12050033335268e-09,"Foam"
"REACTOME-SPHINGOLIPID-DE-NOVO-BIOSYNTHESIS",3.02393793576505e-07,-0.0303934671251982,1,1,0.000191415271333928,"Foam"
"WP-CHOLESTEROL-METABOLISM-WITH-BLOCH-AND-KANDUTSCHRUSSELL-PATHWAYS",3.97035949699626e-08,0.0297300128925171,1,1,2.51323756159863e-05,"Foam"
"GOMF-LIPOPROTEIN-PARTICLE-RECEPTOR-BINDING",5.99221503099355e-05,0.0272718996726757,1,1,0.0379307211461892,"Foam"
"GOBP-REGULATION-OF-FATTY-ACID-BIOSYNTHETIC-PROCESS",4.4715733898314e-06,-0.0228157412723968,1,1,0.00283050595576328,"Foam"
"REACTOME-GAMMA-CARBOXYLATION-HYPUSINE-FORMATION-AND-ARYLSULFATASE-ACTIVATION",2.17033686163559e-08,0.0142140402725195,1,1,1.37382323341533e-05,"Foam"
"PID-NFAT-TFPATHWAY",2.22420187621473e-09,-0.0138544807154704,1,1,1.40791978764392e-06,"Foam"
"GOBP-POSITIVE-REGULATION-OF-LIPID-KINASE-ACTIVITY",6.2179346559531e-06,0.0122004926030801,1,1,0.00393595263721831,"Foam"
"REACTOME-GLYCOSPHINGOLIPID-METABOLISM",2.98729727574619e-07,-0.0116752994120954,1,1,0.000189095917554734,"Foam"
"GOBP-POSITIVE-REGULATION-OF-STEROL-TRANSPORT",6.85850764098548e-06,-0.00655349715724185,1,1,0.00434143533674381,"Foam"
"GOMF-INTRAMEMBRANE-LIPID-TRANSPORTER-ACTIVITY",2.99137308782819e-07,0.00523793686815477,1,1,0.000189353916459525,"Foam"
"GOBP-NEGATIVE-REGULATION-OF-INTRACELLULAR-STEROID-HORMONE-RECEPTOR-SIGNALING-PATHWAY",5.40545299308668e-07,0.00438173037132028,1,1,0.000342165174462387,"Foam"
"SHIPP-DLBCL-CURED-VS-FATAL-DN",7.07095840905078e-06,-0.00233280315012863,1,1,0.00447591667292915,"Foam"
